{
"type": "FeatureCollection",
"name": "C:\\Users\\TierraSYNC\\_PROJECTS\\_AI_Projects\\_FEWS\\Assets\\FMEnv_FEWS_800.geojson",
"crs": { "type": "name", "properties": { "name": "urn:ogc:def:crs:OGC:1.3:CRS84" } },
"features": [
{ "type": "Feature", "properties": { "LGA": "Gada", "STATE": "SOKOTO", "NAME": "Gada" }, "geometry": { "type": "Point", "coordinates": [ 5.663000106811523, 13.751999855041504 ] } },
{ "type": "Feature", "properties": { "LGA": "Illela", "STATE": "SOKOTO", "NAME": "Gidan Makera" }, "geometry": { "type": "Point", "coordinates": [ 5.419000148773193, 13.690999984741211 ] } },
{ "type": "Feature", "properties": { "LGA": "Tangaza", "STATE": "SOKOTO", "NAME": "Manu" }, "geometry": { "type": "Point", "coordinates": [ 4.797999858856201, 13.659999847412109 ] } },
{ "type": "Feature", "properties": { "LGA": "Gudu", "STATE": "SOKOTO", "NAME": "Kurdula" }, "geometry": { "type": "Point", "coordinates": [ 4.376999855041504, 13.571999549865723 ] } },
{ "type": "Feature", "properties": { "LGA": "Gudu", "STATE": "SOKOTO", "NAME": "Tapkin Fuss" }, "geometry": { "type": "Point", "coordinates": [ 4.574999809265137, 13.550999641418457 ] } },
{ "type": "Feature", "properties": { "LGA": "Sabon Birni", "STATE": "SOKOTO", "NAME": "Kurukuru" }, "geometry": { "type": "Point", "coordinates": [ 5.997000217437744, 13.527999877929688 ] } },
{ "type": "Feature", "properties": { "LGA": "Illela", "STATE": "SOKOTO", "NAME": "Darma Galadima" }, "geometry": { "type": "Point", "coordinates": [ 5.447000026702881, 13.494999885559082 ] } },
{ "type": "Feature", "properties": { "LGA": "Gwadabawa", "STATE": "SOKOTO", "NAME": "Raka" }, "geometry": { "type": "Point", "coordinates": [ 5.23799991607666, 13.493000030517578 ] } },
{ "type": "Feature", "properties": { "LGA": "Abadam", "STATE": "BORNO", "NAME": "Arege" }, "geometry": { "type": "Point", "coordinates": [ 13.33899974822998, 13.467000007629395 ] } },
{ "type": "Feature", "properties": { "LGA": "Goronyo", "STATE": "SOKOTO", "NAME": "Shinaka" }, "geometry": { "type": "Point", "coordinates": [ 5.734000205993652, 13.461000442504883 ] } },
{ "type": "Feature", "properties": { "LGA": "Gudu", "STATE": "SOKOTO", "NAME": "Bamgi" }, "geometry": { "type": "Point", "coordinates": [ 4.660999774932861, 13.392000198364258 ] } },
{ "type": "Feature", "properties": { "LGA": "Mobbar", "STATE": "BORNO", "NAME": "Gashagar" }, "geometry": { "type": "Point", "coordinates": [ 12.798999786376953, 13.36299991607666 ] } },
{ "type": "Feature", "properties": { "LGA": "Sabon Birni", "STATE": "SOKOTO", "NAME": "Guidan Kurau" }, "geometry": { "type": "Point", "coordinates": [ 6.289000034332275, 13.361000061035156 ] } },
{ "type": "Feature", "properties": { "LGA": "Wurno", "STATE": "SOKOTO", "NAME": "Wurno" }, "geometry": { "type": "Point", "coordinates": [ 5.429999828338623, 13.28600025177002 ] } },
{ "type": "Feature", "properties": { "LGA": "Yunusari", "STATE": "YOBE", "NAME": "Karagu" }, "geometry": { "type": "Point", "coordinates": [ 11.310999870300293, 13.279000282287598 ] } },
{ "type": "Feature", "properties": { "LGA": "Wurno", "STATE": "SOKOTO", "NAME": "Kadagiwa" }, "geometry": { "type": "Point", "coordinates": [ 5.756999969482422, 13.260000228881836 ] } },
{ "type": "Feature", "properties": { "LGA": "Yusufari", "STATE": "YOBE", "NAME": "Meori" }, "geometry": { "type": "Point", "coordinates": [ 10.51099967956543, 13.258000373840332 ] } },
{ "type": "Feature", "properties": { "LGA": "Isa", "STATE": "SOKOTO", "NAME": "Isa" }, "geometry": { "type": "Point", "coordinates": [ 6.334000110626221, 13.229000091552734 ] } },
{ "type": "Feature", "properties": { "LGA": "Kware", "STATE": "SOKOTO", "NAME": "Kware" }, "geometry": { "type": "Point", "coordinates": [ 5.269000053405762, 13.21399974822998 ] } },
{ "type": "Feature", "properties": { "LGA": "Wurno", "STATE": "SOKOTO", "NAME": "Marnona" }, "geometry": { "type": "Point", "coordinates": [ 5.506999969482422, 13.211000442504883 ] } },
{ "type": "Feature", "properties": { "LGA": "Machina", "STATE": "YOBE", "NAME": "Gumsi" }, "geometry": { "type": "Point", "coordinates": [ 10.248000144958496, 13.171999931335449 ] } },
{ "type": "Feature", "properties": { "LGA": "Isa", "STATE": "SOKOTO", "NAME": "Tukudawa" }, "geometry": { "type": "Point", "coordinates": [ 6.452000141143799, 13.168000221252441 ] } },
{ "type": "Feature", "properties": { "LGA": "Yunusari", "STATE": "YOBE", "NAME": "Buluk Buluk" }, "geometry": { "type": "Point", "coordinates": [ 11.470999717712402, 13.168000221252441 ] } },
{ "type": "Feature", "properties": { "LGA": "Arewa", "STATE": "KEBBI", "NAME": "Sakwabe" }, "geometry": { "type": "Point", "coordinates": [ 4.221000194549561, 13.156999588012695 ] } },
{ "type": "Feature", "properties": { "LGA": "Yusufari", "STATE": "YOBE", "NAME": "Kumagunnam" }, "geometry": { "type": "Point", "coordinates": [ 10.638999938964844, 13.147000312805176 ] } },
{ "type": "Feature", "properties": { "LGA": "Machina", "STATE": "YOBE", "NAME": "Matsena" }, "geometry": { "type": "Point", "coordinates": [ 10.050999641418457, 13.138999938964844 ] } },
{ "type": "Feature", "properties": { "LGA": "Kaita", "STATE": "KATSINA", "NAME": "Gafiya" }, "geometry": { "type": "Point", "coordinates": [ 7.788000106811523, 13.133999824523926 ] } },
{ "type": "Feature", "properties": { "LGA": "Kukawa", "STATE": "BORNO", "NAME": "Baga" }, "geometry": { "type": "Point", "coordinates": [ 13.880999565124512, 13.123000144958496 ] } },
{ "type": "Feature", "properties": { "LGA": "Binji", "STATE": "SOKOTO", "NAME": "Bunkari" }, "geometry": { "type": "Point", "coordinates": [ 4.907000064849854, 13.116999626159668 ] } },
{ "type": "Feature", "properties": { "LGA": "Mashi", "STATE": "KATSINA", "NAME": "Guma" }, "geometry": { "type": "Point", "coordinates": [ 7.949999809265137, 13.093000411987305 ] } },
{ "type": "Feature", "properties": { "LGA": "Yusufari", "STATE": "YOBE", "NAME": "Ulmiri" }, "geometry": { "type": "Point", "coordinates": [ 11.088000297546387, 13.093000411987305 ] } },
{ "type": "Feature", "properties": { "LGA": "Jibia", "STATE": "KATSINA", "NAME": "Jibiya" }, "geometry": { "type": "Point", "coordinates": [ 7.223999977111816, 13.092000007629395 ] } },
{ "type": "Feature", "properties": { "LGA": "Yusufari", "STATE": "YOBE", "NAME": "Yusufari" }, "geometry": { "type": "Point", "coordinates": [ 11.211000442504883, 13.088000297546387 ] } },
{ "type": "Feature", "properties": { "LGA": "Mobbar", "STATE": "BORNO", "NAME": "Zari" }, "geometry": { "type": "Point", "coordinates": [ 12.732000350952148, 13.074999809265137 ] } },
{ "type": "Feature", "properties": { "LGA": "Sokoto South", "STATE": "SOKOTO", "NAME": "Sokoto" }, "geometry": { "type": "Point", "coordinates": [ 5.245999813079834, 13.057000160217285 ] } },
{ "type": "Feature", "properties": { "LGA": "Rabah", "STATE": "SOKOTO", "NAME": "Gwadadi" }, "geometry": { "type": "Point", "coordinates": [ 5.572000026702881, 13.052000045776367 ] } },
{ "type": "Feature", "properties": { "LGA": "Shinkafi", "STATE": "ZAMFARA", "NAME": "Galadi" }, "geometry": { "type": "Point", "coordinates": [ 6.436999797821045, 13.052000045776367 ] } },
{ "type": "Feature", "properties": { "LGA": "Karasuwa", "STATE": "YOBE", "NAME": "Garunguna" }, "geometry": { "type": "Point", "coordinates": [ 10.848999977111816, 13.045000076293945 ] } },
{ "type": "Feature", "properties": { "LGA": "Rabah", "STATE": "SOKOTO", "NAME": "Dalijam" }, "geometry": { "type": "Point", "coordinates": [ 5.815999984741211, 13.039999961853027 ] } },
{ "type": "Feature", "properties": { "LGA": "Daura", "STATE": "KATSINA", "NAME": "Daura" }, "geometry": { "type": "Point", "coordinates": [ 8.314999580383301, 13.029999732971191 ] } },
{ "type": "Feature", "properties": { "LGA": "Yunusari", "STATE": "YOBE", "NAME": "Jajibiriri" }, "geometry": { "type": "Point", "coordinates": [ 11.833999633789062, 13.024999618530273 ] } },
{ "type": "Feature", "properties": { "LGA": "Mani", "STATE": "KATSINA", "NAME": "Muduru" }, "geometry": { "type": "Point", "coordinates": [ 7.834000110626221, 13.015999794006348 ] } },
{ "type": "Feature", "properties": { "LGA": "Zurmi", "STATE": "ZAMFARA", "NAME": "Doufoumbara" }, "geometry": { "type": "Point", "coordinates": [ 7.046999931335449, 12.996999740600586 ] } },
{ "type": "Feature", "properties": { "LGA": "Katsina", "STATE": "KATSINA", "NAME": "Katsina" }, "geometry": { "type": "Point", "coordinates": [ 7.605999946594238, 12.993000030517578 ] } },
{ "type": "Feature", "properties": { "LGA": "Arewa", "STATE": "KEBBI", "NAME": "Bagizza" }, "geometry": { "type": "Point", "coordinates": [ 4.416999816894531, 12.956000328063965 ] } },
{ "type": "Feature", "properties": { "LGA": "Silame", "STATE": "SOKOTO", "NAME": "Katami" }, "geometry": { "type": "Point", "coordinates": [ 4.78000020980835, 12.939000129699707 ] } },
{ "type": "Feature", "properties": { "LGA": "Arewa", "STATE": "KEBBI", "NAME": "Lema" }, "geometry": { "type": "Point", "coordinates": [ 4.23199987411499, 12.937999725341797 ] } },
{ "type": "Feature", "properties": { "LGA": "Kukawa", "STATE": "BORNO", "NAME": "Kukawa" }, "geometry": { "type": "Point", "coordinates": [ 13.574999809265137, 12.920999526977539 ] } },
{ "type": "Feature", "properties": { "LGA": "Mobbar", "STATE": "BORNO", "NAME": "Dudu" }, "geometry": { "type": "Point", "coordinates": [ 12.618000030517578, 12.91100025177002 ] } },
{ "type": "Feature", "properties": { "LGA": "Augie", "STATE": "KEBBI", "NAME": "Augi" }, "geometry": { "type": "Point", "coordinates": [ 4.609000205993652, 12.89799976348877 ] } },
{ "type": "Feature", "properties": { "LGA": "Geidam", "STATE": "YOBE", "NAME": "Geidam" }, "geometry": { "type": "Point", "coordinates": [ 11.930000305175781, 12.88599967956543 ] } },
{ "type": "Feature", "properties": { "LGA": "Nguru", "STATE": "YOBE", "NAME": "Nguru" }, "geometry": { "type": "Point", "coordinates": [ 10.458999633789062, 12.87600040435791 ] } },
{ "type": "Feature", "properties": { "LGA": "Bade", "STATE": "YOBE", "NAME": "Gashua" }, "geometry": { "type": "Point", "coordinates": [ 11.045999526977539, 12.873000144958496 ] } },
{ "type": "Feature", "properties": { "LGA": "Zurmi", "STATE": "ZAMFARA", "NAME": "Moriki" }, "geometry": { "type": "Point", "coordinates": [ 6.492000102996826, 12.871000289916992 ] } },
{ "type": "Feature", "properties": { "LGA": "Biriniwa", "STATE": "JIGAWA", "NAME": "Digimsa" }, "geometry": { "type": "Point", "coordinates": [ 9.956999778747559, 12.868000030517578 ] } },
{ "type": "Feature", "properties": { "LGA": "Mani", "STATE": "KATSINA", "NAME": "Mani" }, "geometry": { "type": "Point", "coordinates": [ 7.879000186920166, 12.85200023651123 ] } },
{ "type": "Feature", "properties": { "LGA": "Dange Shuni", "STATE": "SOKOTO", "NAME": "Dange" }, "geometry": { "type": "Point", "coordinates": [ 5.348999977111816, 12.845000267028809 ] } },
{ "type": "Feature", "properties": { "LGA": "Geidam", "STATE": "YOBE", "NAME": "Chirawa" }, "geometry": { "type": "Point", "coordinates": [ 12.319999694824219, 12.840000152587891 ] } },
{ "type": "Feature", "properties": { "LGA": "Bursari", "STATE": "YOBE", "NAME": "Kariari" }, "geometry": { "type": "Point", "coordinates": [ 11.52400016784668, 12.836000442504883 ] } },
{ "type": "Feature", "properties": { "LGA": "Baure", "STATE": "KATSINA", "NAME": "Baure" }, "geometry": { "type": "Point", "coordinates": [ 8.746000289916992, 12.831000328063965 ] } },
{ "type": "Feature", "properties": { "LGA": "Maradun", "STATE": "ZAMFARA", "NAME": "Ruan Badu" }, "geometry": { "type": "Point", "coordinates": [ 6.10699987411499, 12.828000068664551 ] } },
{ "type": "Feature", "properties": { "LGA": "Dutsi", "STATE": "KATSINA", "NAME": "Dutsi" }, "geometry": { "type": "Point", "coordinates": [ 8.11400032043457, 12.826999664306641 ] } },
{ "type": "Feature", "properties": { "LGA": "Maigatari", "STATE": "JIGAWA", "NAME": "Maigatari" }, "geometry": { "type": "Point", "coordinates": [ 9.453000068664551, 12.802000045776367 ] } },
{ "type": "Feature", "properties": { "LGA": "Batagarawa", "STATE": "KATSINA", "NAME": "Tsanni" }, "geometry": { "type": "Point", "coordinates": [ 7.559000015258789, 12.795999526977539 ] } },
{ "type": "Feature", "properties": { "LGA": "Biriniwa", "STATE": "JIGAWA", "NAME": "Birniwa" }, "geometry": { "type": "Point", "coordinates": [ 10.23799991607666, 12.786999702453613 ] } },
{ "type": "Feature", "properties": { "LGA": "Maigatari", "STATE": "JIGAWA", "NAME": "Galadi" }, "geometry": { "type": "Point", "coordinates": [ 9.592000007629395, 12.774999618530273 ] } },
{ "type": "Feature", "properties": { "LGA": "Zurmi", "STATE": "ZAMFARA", "NAME": "Zurmi" }, "geometry": { "type": "Point", "coordinates": [ 6.789000034332275, 12.770000457763672 ] } },
{ "type": "Feature", "properties": { "LGA": "Zurmi", "STATE": "ZAMFARA", "NAME": "Doumbourou" }, "geometry": { "type": "Point", "coordinates": [ 7.01200008392334, 12.769000053405762 ] } },
{ "type": "Feature", "properties": { "LGA": "Babura", "STATE": "JIGAWA", "NAME": "Babura" }, "geometry": { "type": "Point", "coordinates": [ 9.019000053405762, 12.769000053405762 ] } },
{ "type": "Feature", "properties": { "LGA": "Maradun", "STATE": "ZAMFARA", "NAME": "Jambako" }, "geometry": { "type": "Point", "coordinates": [ 6.288000106811523, 12.746000289916992 ] } },
{ "type": "Feature", "properties": { "LGA": "Argungu", "STATE": "KEBBI", "NAME": "Argungu" }, "geometry": { "type": "Point", "coordinates": [ 4.51800012588501, 12.737000465393066 ] } },
{ "type": "Feature", "properties": { "LGA": "Arewa", "STATE": "KEBBI", "NAME": "Bui" }, "geometry": { "type": "Point", "coordinates": [ 4.11899995803833, 12.722000122070312 ] } },
{ "type": "Feature", "properties": { "LGA": "Biriniwa", "STATE": "JIGAWA", "NAME": "Hardo Buba" }, "geometry": { "type": "Point", "coordinates": [ 10.053000450134277, 12.708000183105469 ] } },
{ "type": "Feature", "properties": { "LGA": "Guzamala", "STATE": "BORNO", "NAME": "Badu" }, "geometry": { "type": "Point", "coordinates": [ 13.222000122070312, 12.696999549865723 ] } },
{ "type": "Feature", "properties": { "LGA": "Tambuwal", "STATE": "SOKOTO", "NAME": "Sainyinan Daji" }, "geometry": { "type": "Point", "coordinates": [ 4.874000072479248, 12.690999984741211 ] } },
{ "type": "Feature", "properties": { "LGA": "Kiri Kasama", "STATE": "JIGAWA", "NAME": "Kirikasama" }, "geometry": { "type": "Point", "coordinates": [ 10.258999824523926, 12.687999725341797 ] } },
{ "type": "Feature", "properties": { "LGA": "Monguno", "STATE": "BORNO", "NAME": "Monguno" }, "geometry": { "type": "Point", "coordinates": [ 13.607999801635742, 12.677000045776367 ] } },
{ "type": "Feature", "properties": { "LGA": "Charanchi", "STATE": "KATSINA", "NAME": "Cheranchi" }, "geometry": { "type": "Point", "coordinates": [ 7.729000091552734, 12.670000076293945 ] } },
{ "type": "Feature", "properties": { "LGA": "Kurfi", "STATE": "KATSINA", "NAME": "Kurfi" }, "geometry": { "type": "Point", "coordinates": [ 7.484000205993652, 12.664999961853027 ] } },
{ "type": "Feature", "properties": { "LGA": "Malam Madori", "STATE": "JIGAWA", "NAME": "Garun Gabbas" }, "geometry": { "type": "Point", "coordinates": [ 10.081999778747559, 12.659000396728516 ] } },
{ "type": "Feature", "properties": { "LGA": "Guzamala", "STATE": "BORNO", "NAME": "Bulabulin" }, "geometry": { "type": "Point", "coordinates": [ 13.281999588012695, 12.654999732971191 ] } },
{ "type": "Feature", "properties": { "LGA": "Kazaure", "STATE": "JIGAWA", "NAME": "Kazaure" }, "geometry": { "type": "Point", "coordinates": [ 8.409999847412109, 12.651000022888184 ] } },
{ "type": "Feature", "properties": { "LGA": "Ingawa", "STATE": "KATSINA", "NAME": "Ingawa" }, "geometry": { "type": "Point", "coordinates": [ 8.046999931335449, 12.64900016784668 ] } },
{ "type": "Feature", "properties": { "LGA": "Gumel", "STATE": "JIGAWA", "NAME": "Gumel" }, "geometry": { "type": "Point", "coordinates": [ 9.397000312805176, 12.62600040435791 ] } },
{ "type": "Feature", "properties": { "LGA": "Gubio", "STATE": "BORNO", "NAME": "Jilli" }, "geometry": { "type": "Point", "coordinates": [ 12.465999603271484, 12.612000465393066 ] } },
{ "type": "Feature", "properties": { "LGA": "Gubio", "STATE": "BORNO", "NAME": "Doili" }, "geometry": { "type": "Point", "coordinates": [ 12.689999580383301, 12.602999687194824 ] } },
{ "type": "Feature", "properties": { "LGA": "Kaura Namoda", "STATE": "ZAMFARA", "NAME": "Kaura Namoda" }, "geometry": { "type": "Point", "coordinates": [ 6.586999893188477, 12.588000297546387 ] } },
{ "type": "Feature", "properties": { "LGA": "Tureta", "STATE": "SOKOTO", "NAME": "Tsamiya" }, "geometry": { "type": "Point", "coordinates": [ 5.47599983215332, 12.574999809265137 ] } },
{ "type": "Feature", "properties": { "LGA": "Talata Mafara", "STATE": "ZAMFARA", "NAME": "Talata Mafara" }, "geometry": { "type": "Point", "coordinates": [ 6.068999767303467, 12.564000129699707 ] } },
{ "type": "Feature", "properties": { "LGA": "Maradun", "STATE": "ZAMFARA", "NAME": "Maradun" }, "geometry": { "type": "Point", "coordinates": [ 6.25, 12.562000274658203 ] } },
{ "type": "Feature", "properties": { "LGA": "Marte", "STATE": "BORNO", "NAME": "Ngelewa" }, "geometry": { "type": "Point", "coordinates": [ 13.791999816894531, 12.560000419616699 ] } },
{ "type": "Feature", "properties": { "LGA": "Geidam", "STATE": "YOBE", "NAME": "Gumsa" }, "geometry": { "type": "Point", "coordinates": [ 11.807000160217285, 12.557999610900879 ] } },
{ "type": "Feature", "properties": { "LGA": "Malam Madori", "STATE": "JIGAWA", "NAME": "Dunari" }, "geometry": { "type": "Point", "coordinates": [ 9.887999534606934, 12.557000160217285 ] } },
{ "type": "Feature", "properties": { "LGA": "Jakusko", "STATE": "YOBE", "NAME": "Katamma" }, "geometry": { "type": "Point", "coordinates": [ 10.930000305175781, 12.555999755859375 ] } },
{ "type": "Feature", "properties": { "LGA": "Arewa", "STATE": "KEBBI", "NAME": "Kaingwa" }, "geometry": { "type": "Point", "coordinates": [ 3.82699990272522, 12.548999786376953 ] } },
{ "type": "Feature", "properties": { "LGA": "Birnin Kebbi", "STATE": "KEBBI", "NAME": "Dagere" }, "geometry": { "type": "Point", "coordinates": [ 4.422999858856201, 12.548999786376953 ] } },
{ "type": "Feature", "properties": { "LGA": "Kankia", "STATE": "KATSINA", "NAME": "Kankiya" }, "geometry": { "type": "Point", "coordinates": [ 7.827000141143799, 12.543999671936035 ] } },
{ "type": "Feature", "properties": { "LGA": "Nganzai", "STATE": "BORNO", "NAME": "Gajiram" }, "geometry": { "type": "Point", "coordinates": [ 13.199000358581543, 12.539999961853027 ] } },
{ "type": "Feature", "properties": { "LGA": "Shagari", "STATE": "SOKOTO", "NAME": "Kajiji" }, "geometry": { "type": "Point", "coordinates": [ 4.966000080108643, 12.524999618530273 ] } },
{ "type": "Feature", "properties": { "LGA": "Kunchi", "STATE": "KANO", "NAME": "Kunchi" }, "geometry": { "type": "Point", "coordinates": [ 8.272000312805176, 12.49899959564209 ] } },
{ "type": "Feature", "properties": { "LGA": "Bursari", "STATE": "YOBE", "NAME": "Dapchi" }, "geometry": { "type": "Point", "coordinates": [ 11.49899959564209, 12.484999656677246 ] } },
{ "type": "Feature", "properties": { "LGA": "Tureta", "STATE": "SOKOTO", "NAME": "Kurua" }, "geometry": { "type": "Point", "coordinates": [ 5.642000198364258, 12.473999977111816 ] } },
{ "type": "Feature", "properties": { "LGA": "Kaugama", "STATE": "JIGAWA", "NAME": "Kaugama" }, "geometry": { "type": "Point", "coordinates": [ 9.73900032043457, 12.468999862670898 ] } },
{ "type": "Feature", "properties": { "LGA": "Tarmuwa", "STATE": "YOBE", "NAME": "Zogodo" }, "geometry": { "type": "Point", "coordinates": [ 11.550000190734863, 12.468999862670898 ] } },
{ "type": "Feature", "properties": { "LGA": "Birnin Kebbi", "STATE": "KEBBI", "NAME": "Birnin Kebbi" }, "geometry": { "type": "Point", "coordinates": [ 4.197000026702881, 12.454999923706055 ] } },
{ "type": "Feature", "properties": { "LGA": "Dutsin Ma", "STATE": "KATSINA", "NAME": "Dutsin Ma" }, "geometry": { "type": "Point", "coordinates": [ 7.497000217437744, 12.449000358581543 ] } },
{ "type": "Feature", "properties": { "LGA": "Hadejia", "STATE": "JIGAWA", "NAME": "Hadejia" }, "geometry": { "type": "Point", "coordinates": [ 10.043999671936035, 12.449000358581543 ] } },
{ "type": "Feature", "properties": { "LGA": "Gubio", "STATE": "BORNO", "NAME": "Bundi" }, "geometry": { "type": "Point", "coordinates": [ 12.763999938964844, 12.447999954223633 ] } },
{ "type": "Feature", "properties": { "LGA": "Sule Tankarkar", "STATE": "JIGAWA", "NAME": "Fagan Kawo" }, "geometry": { "type": "Point", "coordinates": [ 9.364999771118164, 12.439000129699707 ] } },
{ "type": "Feature", "properties": { "LGA": "Gwandu", "STATE": "KEBBI", "NAME": "Malissa" }, "geometry": { "type": "Point", "coordinates": [ 4.749000072479248, 12.435999870300293 ] } },
{ "type": "Feature", "properties": { "LGA": "Dambatta", "STATE": "KANO", "NAME": "Dambarta" }, "geometry": { "type": "Point", "coordinates": [ 8.522000312805176, 12.428999900817871 ] } },
{ "type": "Feature", "properties": { "LGA": "Garki", "STATE": "JIGAWA", "NAME": "Garki" }, "geometry": { "type": "Point", "coordinates": [ 9.196000099182129, 12.428999900817871 ] } },
{ "type": "Feature", "properties": { "LGA": "Babura", "STATE": "JIGAWA", "NAME": "Kanya Baba" }, "geometry": { "type": "Point", "coordinates": [ 8.85200023651123, 12.425000190734863 ] } },
{ "type": "Feature", "properties": { "LGA": "Gagarawa", "STATE": "JIGAWA", "NAME": "Karama" }, "geometry": { "type": "Point", "coordinates": [ 9.588000297546387, 12.397000312805176 ] } },
{ "type": "Feature", "properties": { "LGA": "Maradun", "STATE": "ZAMFARA", "NAME": "Damaga" }, "geometry": { "type": "Point", "coordinates": [ 6.385000228881836, 12.390999794006348 ] } },
{ "type": "Feature", "properties": { "LGA": "Tureta", "STATE": "SOKOTO", "NAME": "Mallamji" }, "geometry": { "type": "Point", "coordinates": [ 5.442999839782715, 12.387999534606934 ] } },
{ "type": "Feature", "properties": { "LGA": "Magumeri", "STATE": "BORNO", "NAME": "Yasku" }, "geometry": { "type": "Point", "coordinates": [ 12.5, 12.385000228881836 ] } },
{ "type": "Feature", "properties": { "LGA": "Monguno", "STATE": "BORNO", "NAME": "Bida" }, "geometry": { "type": "Point", "coordinates": [ 13.444999694824219, 12.369999885559082 ] } },
{ "type": "Feature", "properties": { "LGA": "Jakusko", "STATE": "YOBE", "NAME": "Jakusko" }, "geometry": { "type": "Point", "coordinates": [ 10.777000427246094, 12.36400032043457 ] } },
{ "type": "Feature", "properties": { "LGA": "Marte", "STATE": "BORNO", "NAME": "Marte" }, "geometry": { "type": "Point", "coordinates": [ 13.835000038146973, 12.36400032043457 ] } },
{ "type": "Feature", "properties": { "LGA": "Tarmuwa", "STATE": "YOBE", "NAME": "Dumburum" }, "geometry": { "type": "Point", "coordinates": [ 12.222000122070312, 12.335000038146973 ] } },
{ "type": "Feature", "properties": { "LGA": "Bunza", "STATE": "KEBBI", "NAME": "Tilli" }, "geometry": { "type": "Point", "coordinates": [ 3.983000040054321, 12.333000183105469 ] } },
{ "type": "Feature", "properties": { "LGA": "Kalgo", "STATE": "KEBBI", "NAME": "Kalgo" }, "geometry": { "type": "Point", "coordinates": [ 4.202000141143799, 12.317999839782715 ] } },
{ "type": "Feature", "properties": { "LGA": "Gamawa", "STATE": "BAUCHI", "NAME": "Kinsha" }, "geometry": { "type": "Point", "coordinates": [ 10.699999809265137, 12.312000274658203 ] } },
{ "type": "Feature", "properties": { "LGA": "Talata Mafara", "STATE": "ZAMFARA", "NAME": "Yango" }, "geometry": { "type": "Point", "coordinates": [ 6.026999950408936, 12.286999702453613 ] } },
{ "type": "Feature", "properties": { "LGA": "Zaki", "STATE": "BAUCHI", "NAME": "Katagum" }, "geometry": { "type": "Point", "coordinates": [ 10.354999542236328, 12.281000137329102 ] } },
{ "type": "Feature", "properties": { "LGA": "Tambuwal", "STATE": "SOKOTO", "NAME": "Ganua" }, "geometry": { "type": "Point", "coordinates": [ 4.85099983215332, 12.27299976348877 ] } },
{ "type": "Feature", "properties": { "LGA": "Bungudu", "STATE": "ZAMFARA", "NAME": "Bungudu" }, "geometry": { "type": "Point", "coordinates": [ 6.553999900817871, 12.265000343322754 ] } },
{ "type": "Feature", "properties": { "LGA": "Fune", "STATE": "YOBE", "NAME": "Bornu Kiji" }, "geometry": { "type": "Point", "coordinates": [ 11.322999954223633, 12.26200008392334 ] } },
{ "type": "Feature", "properties": { "LGA": "Tarmuwa", "STATE": "YOBE", "NAME": "Lantewa" }, "geometry": { "type": "Point", "coordinates": [ 11.739999771118164, 12.26200008392334 ] } },
{ "type": "Feature", "properties": { "LGA": "Arewa", "STATE": "KEBBI", "NAME": "Rafin Tsaka" }, "geometry": { "type": "Point", "coordinates": [ 3.736999988555908, 12.258999824523926 ] } },
{ "type": "Feature", "properties": { "LGA": "Bichi", "STATE": "KANO", "NAME": "Bichi" }, "geometry": { "type": "Point", "coordinates": [ 8.244999885559082, 12.237000465393066 ] } },
{ "type": "Feature", "properties": { "LGA": "Bukkuyum", "STATE": "ZAMFARA", "NAME": "Ruwan Jema" }, "geometry": { "type": "Point", "coordinates": [ 5.639999866485596, 12.236000061035156 ] } },
{ "type": "Feature", "properties": { "LGA": "Kafin Hausa", "STATE": "JIGAWA", "NAME": "Keffin Hausa" }, "geometry": { "type": "Point", "coordinates": [ 9.920000076293945, 12.234999656677246 ] } },
{ "type": "Feature", "properties": { "LGA": "Bungudu", "STATE": "ZAMFARA", "NAME": "Ruwan Doruwa" }, "geometry": { "type": "Point", "coordinates": [ 6.431000232696533, 12.229000091552734 ] } },
{ "type": "Feature", "properties": { "LGA": "Minjibir", "STATE": "KANO", "NAME": "Kunya" }, "geometry": { "type": "Point", "coordinates": [ 8.538999557495117, 12.225000381469727 ] } },
{ "type": "Feature", "properties": { "LGA": "Jega", "STATE": "KEBBI", "NAME": "Jega" }, "geometry": { "type": "Point", "coordinates": [ 4.380000114440918, 12.213000297546387 ] } },
{ "type": "Feature", "properties": { "LGA": "Dan Musa", "STATE": "KATSINA", "NAME": "Yan Tumaki" }, "geometry": { "type": "Point", "coordinates": [ 7.478000164031982, 12.203000068664551 ] } },
{ "type": "Feature", "properties": { "LGA": "Ngala", "STATE": "BORNO", "NAME": "Logomani" }, "geometry": { "type": "Point", "coordinates": [ 14.029999732971191, 12.194000244140625 ] } },
{ "type": "Feature", "properties": { "LGA": "Jakusko", "STATE": "YOBE", "NAME": "Zeddi" }, "geometry": { "type": "Point", "coordinates": [ 10.998000144958496, 12.166000366210938 ] } },
{ "type": "Feature", "properties": { "LGA": "Gusau", "STATE": "ZAMFARA", "NAME": "Gusau" }, "geometry": { "type": "Point", "coordinates": [ 6.664000034332275, 12.163999557495117 ] } },
{ "type": "Feature", "properties": { "LGA": "Tarmuwa", "STATE": "YOBE", "NAME": "Gubber" }, "geometry": { "type": "Point", "coordinates": [ 11.472999572753906, 12.157999992370605 ] } },
{ "type": "Feature", "properties": { "LGA": "Ringim", "STATE": "JIGAWA", "NAME": "Ringim" }, "geometry": { "type": "Point", "coordinates": [ 9.168999671936035, 12.147000312805176 ] } },
{ "type": "Feature", "properties": { "LGA": "Jahun", "STATE": "JIGAWA", "NAME": "Harbo" }, "geometry": { "type": "Point", "coordinates": [ 9.545999526977539, 12.145000457763672 ] } },
{ "type": "Feature", "properties": { "LGA": "Gummi", "STATE": "ZAMFARA", "NAME": "Gummi" }, "geometry": { "type": "Point", "coordinates": [ 5.116000175476074, 12.137999534606934 ] } },
{ "type": "Feature", "properties": { "LGA": "Gamawa", "STATE": "BAUCHI", "NAME": "Gamawa" }, "geometry": { "type": "Point", "coordinates": [ 10.541999816894531, 12.131999969482422 ] } },
{ "type": "Feature", "properties": { "LGA": "Musawa", "STATE": "KATSINA", "NAME": "Musawa" }, "geometry": { "type": "Point", "coordinates": [ 7.671999931335449, 12.126999855041504 ] } },
{ "type": "Feature", "properties": { "LGA": "Kebbe", "STATE": "SOKOTO", "NAME": "Kebbe" }, "geometry": { "type": "Point", "coordinates": [ 4.736999988555908, 12.121000289916992 ] } },
{ "type": "Feature", "properties": { "LGA": "Anka", "STATE": "ZAMFARA", "NAME": "Anka" }, "geometry": { "type": "Point", "coordinates": [ 5.927999973297119, 12.111000061035156 ] } },
{ "type": "Feature", "properties": { "LGA": "Maiyama", "STATE": "KEBBI", "NAME": "Mungadi" }, "geometry": { "type": "Point", "coordinates": [ 4.127999782562256, 12.109999656677246 ] } },
{ "type": "Feature", "properties": { "LGA": "Nganzai", "STATE": "BORNO", "NAME": "Kesangala" }, "geometry": { "type": "Point", "coordinates": [ 13.244999885559082, 12.109999656677246 ] } },
{ "type": "Feature", "properties": { "LGA": "Gezawa", "STATE": "KANO", "NAME": "Gezawa" }, "geometry": { "type": "Point", "coordinates": [ 8.75100040435791, 12.098999977111816 ] } },
{ "type": "Feature", "properties": { "LGA": "Kafin Hausa", "STATE": "JIGAWA", "NAME": "Bulangu" }, "geometry": { "type": "Point", "coordinates": [ 10.114999771118164, 12.083000183105469 ] } },
{ "type": "Feature", "properties": { "LGA": "Maiyama", "STATE": "KEBBI", "NAME": "Maiyema" }, "geometry": { "type": "Point", "coordinates": [ 4.372000217437744, 12.078000068664551 ] } },
{ "type": "Feature", "properties": { "LGA": "Kala\/Balge", "STATE": "BORNO", "NAME": "Kala Kafra" }, "geometry": { "type": "Point", "coordinates": [ 14.444999694824219, 12.078000068664551 ] } },
{ "type": "Feature", "properties": { "LGA": "Gummi", "STATE": "ZAMFARA", "NAME": "Birnin Tudu" }, "geometry": { "type": "Point", "coordinates": [ 5.307000160217285, 12.076000213623047 ] } },
{ "type": "Feature", "properties": { "LGA": "Magumeri", "STATE": "BORNO", "NAME": "Magumeri" }, "geometry": { "type": "Point", "coordinates": [ 12.809000015258789, 12.071000099182129 ] } },
{ "type": "Feature", "properties": { "LGA": "Tarmuwa", "STATE": "YOBE", "NAME": "Dabalam" }, "geometry": { "type": "Point", "coordinates": [ 11.670999526977539, 12.057999610900879 ] } },
{ "type": "Feature", "properties": { "LGA": "Shanono", "STATE": "KANO", "NAME": "Shanono" }, "geometry": { "type": "Point", "coordinates": [ 7.995999813079834, 12.048999786376953 ] } },
{ "type": "Feature", "properties": { "LGA": "Bukkuyum", "STATE": "ZAMFARA", "NAME": "Nasarawa" }, "geometry": { "type": "Point", "coordinates": [ 5.745999813079834, 12.043000221252441 ] } },
{ "type": "Feature", "properties": { "LGA": "Bungudu", "STATE": "ZAMFARA", "NAME": "Bingi" }, "geometry": { "type": "Point", "coordinates": [ 6.375999927520752, 12.041000366210938 ] } },
{ "type": "Feature", "properties": { "LGA": "Dikwa", "STATE": "BORNO", "NAME": "Dikwa" }, "geometry": { "type": "Point", "coordinates": [ 13.932999610900879, 12.027000427246094 ] } },
{ "type": "Feature", "properties": { "LGA": "Fune", "STATE": "YOBE", "NAME": "Gaska" }, "geometry": { "type": "Point", "coordinates": [ 11.130000114440918, 12.010000228881836 ] } },
{ "type": "Feature", "properties": { "LGA": "Dandi", "STATE": "KEBBI", "NAME": "Geza" }, "geometry": { "type": "Point", "coordinates": [ 3.92300009727478, 11.994999885559082 ] } },
{ "type": "Feature", "properties": { "LGA": "Dikwa", "STATE": "BORNO", "NAME": "Malum Maja" }, "geometry": { "type": "Point", "coordinates": [ 14.095999717712402, 11.967000007629395 ] } },
{ "type": "Feature", "properties": { "LGA": "Tsafe", "STATE": "ZAMFARA", "NAME": "Geauri" }, "geometry": { "type": "Point", "coordinates": [ 7.127999782562256, 11.965999603271484 ] } },
{ "type": "Feature", "properties": { "LGA": "Gamawa", "STATE": "BAUCHI", "NAME": "Udubo" }, "geometry": { "type": "Point", "coordinates": [ 10.454999923706055, 11.954000473022461 ] } },
{ "type": "Feature", "properties": { "LGA": "Kankara", "STATE": "KATSINA", "NAME": "Kankara" }, "geometry": { "type": "Point", "coordinates": [ 7.418000221252441, 11.928999900817871 ] } },
{ "type": "Feature", "properties": { "LGA": "Fune", "STATE": "YOBE", "NAME": "Alagarno" }, "geometry": { "type": "Point", "coordinates": [ 11.645000457763672, 11.923000335693359 ] } },
{ "type": "Feature", "properties": { "LGA": "Mafa", "STATE": "BORNO", "NAME": "Mafa" }, "geometry": { "type": "Point", "coordinates": [ 13.612000465393066, 11.918999671936035 ] } },
{ "type": "Feature", "properties": { "LGA": "Suru", "STATE": "KEBBI", "NAME": "Suru" }, "geometry": { "type": "Point", "coordinates": [ 4.190000057220459, 11.916999816894531 ] } },
{ "type": "Feature", "properties": { "LGA": "Bukkuyum", "STATE": "ZAMFARA", "NAME": "Gwashi" }, "geometry": { "type": "Point", "coordinates": [ 5.769999980926514, 11.895000457763672 ] } },
{ "type": "Feature", "properties": { "LGA": "Maiyama", "STATE": "KEBBI", "NAME": "Anderai" }, "geometry": { "type": "Point", "coordinates": [ 4.392000198364258, 11.894000053405762 ] } },
{ "type": "Feature", "properties": { "LGA": "Bukkuyum", "STATE": "ZAMFARA", "NAME": "Adebka" }, "geometry": { "type": "Point", "coordinates": [ 5.616000175476074, 11.881999969482422 ] } },
{ "type": "Feature", "properties": { "LGA": "Gamawa", "STATE": "BAUCHI", "NAME": "Zindiwa" }, "geometry": { "type": "Point", "coordinates": [ 10.812000274658203, 11.875 ] } },
{ "type": "Feature", "properties": { "LGA": "Mafa", "STATE": "BORNO", "NAME": "Limanti" }, "geometry": { "type": "Point", "coordinates": [ 13.402000427246094, 11.871000289916992 ] } },
{ "type": "Feature", "properties": { "LGA": "Anka", "STATE": "ZAMFARA", "NAME": "Bagega" }, "geometry": { "type": "Point", "coordinates": [ 6.0, 11.857000350952148 ] } },
{ "type": "Feature", "properties": { "LGA": "Gaya", "STATE": "KANO", "NAME": "Gaya" }, "geometry": { "type": "Point", "coordinates": [ 9.006999969482422, 11.855999946594238 ] } },
{ "type": "Feature", "properties": { "LGA": "Dandi", "STATE": "KEBBI", "NAME": "Kamba" }, "geometry": { "type": "Point", "coordinates": [ 3.664000034332275, 11.852999687194824 ] } },
{ "type": "Feature", "properties": { "LGA": "Itas\/Gadau", "STATE": "BAUCHI", "NAME": "Itas" }, "geometry": { "type": "Point", "coordinates": [ 9.970999717712402, 11.852999687194824 ] } },
{ "type": "Feature", "properties": { "LGA": "Maiduguri", "STATE": "BORNO", "NAME": "Maiduguri" }, "geometry": { "type": "Point", "coordinates": [ 13.16100025177002, 11.85099983215332 ] } },
{ "type": "Feature", "properties": { "LGA": "Dutse", "STATE": "JIGAWA", "NAME": "Duru" }, "geometry": { "type": "Point", "coordinates": [ 9.258999824523926, 11.845999717712402 ] } },
{ "type": "Feature", "properties": { "LGA": "Konduga", "STATE": "BORNO", "NAME": "Auno" }, "geometry": { "type": "Point", "coordinates": [ 12.939999580383301, 11.83899974822998 ] } },
{ "type": "Feature", "properties": { "LGA": "Itas\/Gadau", "STATE": "BAUCHI", "NAME": "Gadau" }, "geometry": { "type": "Point", "coordinates": [ 10.168999671936035, 11.828000068664551 ] } },
{ "type": "Feature", "properties": { "LGA": "Bukkuyum", "STATE": "ZAMFARA", "NAME": "Kerun" }, "geometry": { "type": "Point", "coordinates": [ 5.510000228881836, 11.819000244140625 ] } },
{ "type": "Feature", "properties": { "LGA": "Kaga", "STATE": "BORNO", "NAME": "Mainok" }, "geometry": { "type": "Point", "coordinates": [ 12.631999969482422, 11.817999839782715 ] } },
{ "type": "Feature", "properties": { "LGA": "Wudil", "STATE": "KANO", "NAME": "Wudil" }, "geometry": { "type": "Point", "coordinates": [ 8.847999572753906, 11.800000190734863 ] } },
{ "type": "Feature", "properties": { "LGA": "Tsafe", "STATE": "ZAMFARA", "NAME": "Babampa" }, "geometry": { "type": "Point", "coordinates": [ 6.863999843597412, 11.791999816894531 ] } },
{ "type": "Feature", "properties": { "LGA": "Kiyawa", "STATE": "JIGAWA", "NAME": "Kiyawa" }, "geometry": { "type": "Point", "coordinates": [ 9.612000465393066, 11.781999588012695 ] } },
{ "type": "Feature", "properties": { "LGA": "Karaye", "STATE": "KANO", "NAME": "Karaye" }, "geometry": { "type": "Point", "coordinates": [ 8.019000053405762, 11.779999732971191 ] } },
{ "type": "Feature", "properties": { "LGA": "Malumfashi", "STATE": "KATSINA", "NAME": "Malumfashi" }, "geometry": { "type": "Point", "coordinates": [ 7.625999927520752, 11.779000282287598 ] } },
{ "type": "Feature", "properties": { "LGA": "Maiyama", "STATE": "KEBBI", "NAME": "Libba" }, "geometry": { "type": "Point", "coordinates": [ 4.434999942779541, 11.777000427246094 ] } },
{ "type": "Feature", "properties": { "LGA": "Katagum", "STATE": "BAUCHI", "NAME": "Madara" }, "geometry": { "type": "Point", "coordinates": [ 10.449999809265137, 11.777000427246094 ] } },
{ "type": "Feature", "properties": { "LGA": "Kura", "STATE": "KANO", "NAME": "Kura" }, "geometry": { "type": "Point", "coordinates": [ 8.430999755859375, 11.765999794006348 ] } },
{ "type": "Feature", "properties": { "LGA": "Suru", "STATE": "KEBBI", "NAME": "Giro" }, "geometry": { "type": "Point", "coordinates": [ 4.184999942779541, 11.762999534606934 ] } },
{ "type": "Feature", "properties": { "LGA": "Wasagu\/Danko", "STATE": "KEBBI", "NAME": "Sakke" }, "geometry": { "type": "Point", "coordinates": [ 5.321000099182129, 11.758000373840332 ] } },
{ "type": "Feature", "properties": { "LGA": "Kaga", "STATE": "BORNO", "NAME": "Ngamdu" }, "geometry": { "type": "Point", "coordinates": [ 12.255000114440918, 11.755999565124512 ] } },
{ "type": "Feature", "properties": { "LGA": "Damaturu", "STATE": "YOBE", "NAME": "Damaturu" }, "geometry": { "type": "Point", "coordinates": [ 11.965999603271484, 11.74899959564209 ] } },
{ "type": "Feature", "properties": { "LGA": "Bakori", "STATE": "KATSINA", "NAME": "Guga" }, "geometry": { "type": "Point", "coordinates": [ 7.353000164031982, 11.734000205993652 ] } },
{ "type": "Feature", "properties": { "LGA": "Potiskum", "STATE": "YOBE", "NAME": "Dalla Jorau" }, "geometry": { "type": "Point", "coordinates": [ 11.263999938964844, 11.732999801635742 ] } },
{ "type": "Feature", "properties": { "LGA": "Konduga", "STATE": "BORNO", "NAME": "Wamuri" }, "geometry": { "type": "Point", "coordinates": [ 13.302000045776367, 11.729999542236328 ] } },
{ "type": "Feature", "properties": { "LGA": "Tsafe", "STATE": "ZAMFARA", "NAME": "Sauri" }, "geometry": { "type": "Point", "coordinates": [ 6.788000106811523, 11.722999572753906 ] } },
{ "type": "Feature", "properties": { "LGA": "Faskari", "STATE": "KATSINA", "NAME": "Faskari" }, "geometry": { "type": "Point", "coordinates": [ 7.019000053405762, 11.720000267028809 ] } },
{ "type": "Feature", "properties": { "LGA": "Gusau", "STATE": "ZAMFARA", "NAME": "Magami" }, "geometry": { "type": "Point", "coordinates": [ 6.593999862670898, 11.718999862670898 ] } },
{ "type": "Feature", "properties": { "LGA": "Potiskum", "STATE": "YOBE", "NAME": "Potiskum" }, "geometry": { "type": "Point", "coordinates": [ 11.069999694824219, 11.708999633789062 ] } },
{ "type": "Feature", "properties": { "LGA": "Damaturu", "STATE": "YOBE", "NAME": "Murba" }, "geometry": { "type": "Point", "coordinates": [ 11.836999893188477, 11.706000328063965 ] } },
{ "type": "Feature", "properties": { "LGA": "Kaga", "STATE": "BORNO", "NAME": "Marguba" }, "geometry": { "type": "Point", "coordinates": [ 12.583999633789062, 11.692000389099121 ] } },
{ "type": "Feature", "properties": { "LGA": "Katagum", "STATE": "BAUCHI", "NAME": "Azare" }, "geometry": { "type": "Point", "coordinates": [ 10.189000129699707, 11.677000045776367 ] } },
{ "type": "Feature", "properties": { "LGA": "Damban", "STATE": "BAUCHI", "NAME": "Dambam" }, "geometry": { "type": "Point", "coordinates": [ 10.710000038146973, 11.673999786376953 ] } },
{ "type": "Feature", "properties": { "LGA": "Jama'are", "STATE": "BAUCHI", "NAME": "Jamaare" }, "geometry": { "type": "Point", "coordinates": [ 9.934000015258789, 11.666000366210938 ] } },
{ "type": "Feature", "properties": { "LGA": "Bebeji", "STATE": "KANO", "NAME": "Bebeji" }, "geometry": { "type": "Point", "coordinates": [ 8.265999794006348, 11.663999557495117 ] } },
{ "type": "Feature", "properties": { "LGA": "Konduga", "STATE": "BORNO", "NAME": "Konduga" }, "geometry": { "type": "Point", "coordinates": [ 13.418000221252441, 11.66100025177002 ] } },
{ "type": "Feature", "properties": { "LGA": "Garko", "STATE": "KANO", "NAME": "Garko" }, "geometry": { "type": "Point", "coordinates": [ 8.883999824523926, 11.659999847412109 ] } },
{ "type": "Feature", "properties": { "LGA": "Kebbe", "STATE": "SOKOTO", "NAME": "Fokku" }, "geometry": { "type": "Point", "coordinates": [ 4.519000053405762, 11.654999732971191 ] } },
{ "type": "Feature", "properties": { "LGA": "Konduga", "STATE": "BORNO", "NAME": "Dalwa West" }, "geometry": { "type": "Point", "coordinates": [ 13.038999557495117, 11.652999877929688 ] } },
{ "type": "Feature", "properties": { "LGA": "Kiru", "STATE": "KANO", "NAME": "Yako" }, "geometry": { "type": "Point", "coordinates": [ 8.192999839782715, 11.651000022888184 ] } },
{ "type": "Feature", "properties": { "LGA": "Bagudo", "STATE": "KEBBI", "NAME": "Lollo" }, "geometry": { "type": "Point", "coordinates": [ 3.615000009536743, 11.649999618530273 ] } },
{ "type": "Feature", "properties": { "LGA": "Katagum", "STATE": "BAUCHI", "NAME": "Bulkachuwa" }, "geometry": { "type": "Point", "coordinates": [ 10.52299976348877, 11.649999618530273 ] } },
{ "type": "Feature", "properties": { "LGA": "Suru", "STATE": "KEBBI", "NAME": "Dakingari" }, "geometry": { "type": "Point", "coordinates": [ 4.072000026702881, 11.638999938964844 ] } },
{ "type": "Feature", "properties": { "LGA": "Maru", "STATE": "ZAMFARA", "NAME": "Dan Gulbi" }, "geometry": { "type": "Point", "coordinates": [ 6.288000106811523, 11.630000114440918 ] } },
{ "type": "Feature", "properties": { "LGA": "Faskari", "STATE": "KATSINA", "NAME": "Daudawa" }, "geometry": { "type": "Point", "coordinates": [ 7.157999992370605, 11.630000114440918 ] } },
{ "type": "Feature", "properties": { "LGA": "Albasu", "STATE": "KANO", "NAME": "Hamdullahi" }, "geometry": { "type": "Point", "coordinates": [ 9.057999610900879, 11.62600040435791 ] } },
{ "type": "Feature", "properties": { "LGA": "Bama", "STATE": "BORNO", "NAME": "Gulumba Gana" }, "geometry": { "type": "Point", "coordinates": [ 14.065999984741211, 11.614999771118164 ] } },
{ "type": "Feature", "properties": { "LGA": "Fakai", "STATE": "KEBBI", "NAME": "Kurama Suko" }, "geometry": { "type": "Point", "coordinates": [ 4.611999988555908, 11.586000442504883 ] } },
{ "type": "Feature", "properties": { "LGA": "Maru", "STATE": "ZAMFARA", "NAME": "Daraga" }, "geometry": { "type": "Point", "coordinates": [ 5.984000205993652, 11.578000068664551 ] } },
{ "type": "Feature", "properties": { "LGA": "Takai", "STATE": "KANO", "NAME": "Takai" }, "geometry": { "type": "Point", "coordinates": [ 9.109000205993652, 11.571000099182129 ] } },
{ "type": "Feature", "properties": { "LGA": "Koko\/Besse", "STATE": "KEBBI", "NAME": "Sabon Gari" }, "geometry": { "type": "Point", "coordinates": [ 4.426000118255615, 11.567000389099121 ] } },
{ "type": "Feature", "properties": { "LGA": "Faskari", "STATE": "KATSINA", "NAME": "Mai Gora" }, "geometry": { "type": "Point", "coordinates": [ 7.02299976348877, 11.560999870300293 ] } },
{ "type": "Feature", "properties": { "LGA": "Damban", "STATE": "BAUCHI", "NAME": "Jalam" }, "geometry": { "type": "Point", "coordinates": [ 10.845999717712402, 11.560999870300293 ] } },
{ "type": "Feature", "properties": { "LGA": "Bakori", "STATE": "KATSINA", "NAME": "Bakori" }, "geometry": { "type": "Point", "coordinates": [ 7.431000232696533, 11.555999755859375 ] } },
{ "type": "Feature", "properties": { "LGA": "Gusau", "STATE": "ZAMFARA", "NAME": "Rusu" }, "geometry": { "type": "Point", "coordinates": [ 6.836999893188477, 11.555000305175781 ] } },
{ "type": "Feature", "properties": { "LGA": "Bagudo", "STATE": "KEBBI", "NAME": "Illo" }, "geometry": { "type": "Point", "coordinates": [ 3.710999965667725, 11.550999641418457 ] } },
{ "type": "Feature", "properties": { "LGA": "Fakai", "STATE": "KEBBI", "NAME": "Mahuta" }, "geometry": { "type": "Point", "coordinates": [ 4.98799991607666, 11.548999786376953 ] } },
{ "type": "Feature", "properties": { "LGA": "Rano", "STATE": "KANO", "NAME": "Rano" }, "geometry": { "type": "Point", "coordinates": [ 8.576000213623047, 11.548000335693359 ] } },
{ "type": "Feature", "properties": { "LGA": "Fakai", "STATE": "KEBBI", "NAME": "Marafa" }, "geometry": { "type": "Point", "coordinates": [ 4.78000020980835, 11.538000106811523 ] } },
{ "type": "Feature", "properties": { "LGA": "Takai", "STATE": "KANO", "NAME": "Kachako" }, "geometry": { "type": "Point", "coordinates": [ 9.265000343322754, 11.534999847412109 ] } },
{ "type": "Feature", "properties": { "LGA": "Konduga", "STATE": "BORNO", "NAME": "Masba" }, "geometry": { "type": "Point", "coordinates": [ 12.98799991607666, 11.529000282287598 ] } },
{ "type": "Feature", "properties": { "LGA": "Funtua", "STATE": "KATSINA", "NAME": "Funtua" }, "geometry": { "type": "Point", "coordinates": [ 7.314000129699707, 11.527000427246094 ] } },
{ "type": "Feature", "properties": { "LGA": "Sumaila", "STATE": "KANO", "NAME": "Sumaila" }, "geometry": { "type": "Point", "coordinates": [ 8.953000068664551, 11.527000427246094 ] } },
{ "type": "Feature", "properties": { "LGA": "Fune", "STATE": "YOBE", "NAME": "Daura" }, "geometry": { "type": "Point", "coordinates": [ 11.458999633789062, 11.520000457763672 ] } },
{ "type": "Feature", "properties": { "LGA": "Bama", "STATE": "BORNO", "NAME": "Bama" }, "geometry": { "type": "Point", "coordinates": [ 13.685000419616699, 11.519000053405762 ] } },
{ "type": "Feature", "properties": { "LGA": "Katagum", "STATE": "BAUCHI", "NAME": "Chinade" }, "geometry": { "type": "Point", "coordinates": [ 10.421999931335449, 11.515999794006348 ] } },
{ "type": "Feature", "properties": { "LGA": "Bagudo", "STATE": "KEBBI", "NAME": "Kende" }, "geometry": { "type": "Point", "coordinates": [ 4.263999938964844, 11.513999938964844 ] } },
{ "type": "Feature", "properties": { "LGA": "Bagudo", "STATE": "KEBBI", "NAME": "Bani" }, "geometry": { "type": "Point", "coordinates": [ 3.627000093460083, 11.491999626159668 ] } },
{ "type": "Feature", "properties": { "LGA": "Gujba", "STATE": "YOBE", "NAME": "Gujba" }, "geometry": { "type": "Point", "coordinates": [ 11.939000129699707, 11.491999626159668 ] } },
{ "type": "Feature", "properties": { "LGA": "Gujba", "STATE": "YOBE", "NAME": "Goniri" }, "geometry": { "type": "Point", "coordinates": [ 12.314000129699707, 11.484000205993652 ] } },
{ "type": "Feature", "properties": { "LGA": "Shira", "STATE": "BAUCHI", "NAME": "Kumuo" }, "geometry": { "type": "Point", "coordinates": [ 9.911999702453613, 11.475000381469727 ] } },
{ "type": "Feature", "properties": { "LGA": "Sumaila", "STATE": "KANO", "NAME": "Falali" }, "geometry": { "type": "Point", "coordinates": [ 9.03600025177002, 11.46399974822998 ] } },
{ "type": "Feature", "properties": { "LGA": "Bama", "STATE": "BORNO", "NAME": "Nugurosoye" }, "geometry": { "type": "Point", "coordinates": [ 13.718999862670898, 11.458000183105469 ] } },
{ "type": "Feature", "properties": { "LGA": "Dandume", "STATE": "KATSINA", "NAME": "Dan Dume" }, "geometry": { "type": "Point", "coordinates": [ 7.130000114440918, 11.451000213623047 ] } },
{ "type": "Feature", "properties": { "LGA": "Birnin Kudu", "STATE": "JIGAWA", "NAME": "Birnin Kudu" }, "geometry": { "type": "Point", "coordinates": [ 9.503000259399414, 11.442999839782715 ] } },
{ "type": "Feature", "properties": { "LGA": "Maru", "STATE": "ZAMFARA", "NAME": "Mutumji" }, "geometry": { "type": "Point", "coordinates": [ 6.343999862670898, 11.437999725341797 ] } },
{ "type": "Feature", "properties": { "LGA": "Bebeji", "STATE": "KANO", "NAME": "Gajale" }, "geometry": { "type": "Point", "coordinates": [ 8.234000205993652, 11.432000160217285 ] } },
{ "type": "Feature", "properties": { "LGA": "Zuru", "STATE": "KEBBI", "NAME": "Zuru" }, "geometry": { "type": "Point", "coordinates": [ 5.234000205993652, 11.423000335693359 ] } },
{ "type": "Feature", "properties": { "LGA": "Rano", "STATE": "KANO", "NAME": "Rurum" }, "geometry": { "type": "Point", "coordinates": [ 8.482999801635742, 11.413999557495117 ] } },
{ "type": "Feature", "properties": { "LGA": "Shanga", "STATE": "KEBBI", "NAME": "Koko" }, "geometry": { "type": "Point", "coordinates": [ 4.583000183105469, 11.404999732971191 ] } },
{ "type": "Feature", "properties": { "LGA": "Fakai", "STATE": "KEBBI", "NAME": "Bajida" }, "geometry": { "type": "Point", "coordinates": [ 4.968999862670898, 11.397000312805176 ] } },
{ "type": "Feature", "properties": { "LGA": "Bagudo", "STATE": "KEBBI", "NAME": "Sanbi" }, "geometry": { "type": "Point", "coordinates": [ 3.555000066757202, 11.388999938964844 ] } },
{ "type": "Feature", "properties": { "LGA": "Tudun Wada", "STATE": "KANO", "NAME": "Burumburum" }, "geometry": { "type": "Point", "coordinates": [ 8.723999977111816, 11.38700008392334 ] } },
{ "type": "Feature", "properties": { "LGA": "Danja", "STATE": "KATSINA", "NAME": "Danja" }, "geometry": { "type": "Point", "coordinates": [ 7.561999797821045, 11.383999824523926 ] } },
{ "type": "Feature", "properties": { "LGA": "Konduga", "STATE": "BORNO", "NAME": "Yajiwa" }, "geometry": { "type": "Point", "coordinates": [ 12.722000122070312, 11.381999969482422 ] } },
{ "type": "Feature", "properties": { "LGA": "Wasagu\/Danko", "STATE": "KEBBI", "NAME": "Wasagu" }, "geometry": { "type": "Point", "coordinates": [ 5.809999942779541, 11.368000030517578 ] } },
{ "type": "Feature", "properties": { "LGA": "Darazo", "STATE": "BAUCHI", "NAME": "Sade" }, "geometry": { "type": "Point", "coordinates": [ 10.675000190734863, 11.357000350952148 ] } },
{ "type": "Feature", "properties": { "LGA": "Bama", "STATE": "BORNO", "NAME": "Kumshe" }, "geometry": { "type": "Point", "coordinates": [ 14.215000152587891, 11.352999687194824 ] } },
{ "type": "Feature", "properties": { "LGA": "Gwaram", "STATE": "JIGAWA", "NAME": "Samamiya" }, "geometry": { "type": "Point", "coordinates": [ 9.670000076293945, 11.350000381469727 ] } },
{ "type": "Feature", "properties": { "LGA": "Giwa", "STATE": "KADUNA", "NAME": "Gangara" }, "geometry": { "type": "Point", "coordinates": [ 7.388000011444092, 11.340000152587891 ] } },
{ "type": "Feature", "properties": { "LGA": "Sumaila", "STATE": "KANO", "NAME": "Birnin Bako" }, "geometry": { "type": "Point", "coordinates": [ 9.130999565124512, 11.338000297546387 ] } },
{ "type": "Feature", "properties": { "LGA": "Bama", "STATE": "BORNO", "NAME": "Dipchari" }, "geometry": { "type": "Point", "coordinates": [ 13.928000450134277, 11.333999633789062 ] } },
{ "type": "Feature", "properties": { "LGA": "Shanga", "STATE": "KEBBI", "NAME": "Kangi" }, "geometry": { "type": "Point", "coordinates": [ 4.60200023651123, 11.328000068664551 ] } },
{ "type": "Feature", "properties": { "LGA": "Makarfi", "STATE": "KADUNA", "NAME": "Gimi" }, "geometry": { "type": "Point", "coordinates": [ 7.934000015258789, 11.326999664306641 ] } },
{ "type": "Feature", "properties": { "LGA": "Bagudo", "STATE": "KEBBI", "NAME": "Bele" }, "geometry": { "type": "Point", "coordinates": [ 4.017000198364258, 11.319999694824219 ] } },
{ "type": "Feature", "properties": { "LGA": "Misau", "STATE": "BAUCHI", "NAME": "Misau" }, "geometry": { "type": "Point", "coordinates": [ 10.473999977111816, 11.314999580383301 ] } },
{ "type": "Feature", "properties": { "LGA": "Fika", "STATE": "YOBE", "NAME": "Kare" }, "geometry": { "type": "Point", "coordinates": [ 11.13599967956543, 11.314999580383301 ] } },
{ "type": "Feature", "properties": { "LGA": "Kudan", "STATE": "KADUNA", "NAME": "Kudan" }, "geometry": { "type": "Point", "coordinates": [ 7.73199987411499, 11.307999610900879 ] } },
{ "type": "Feature", "properties": { "LGA": "Maru", "STATE": "ZAMFARA", "NAME": "Karauchi" }, "geometry": { "type": "Point", "coordinates": [ 6.60200023651123, 11.298999786376953 ] } },
{ "type": "Feature", "properties": { "LGA": "Fika", "STATE": "YOBE", "NAME": "Fika" }, "geometry": { "type": "Point", "coordinates": [ 11.307000160217285, 11.279999732971191 ] } },
{ "type": "Feature", "properties": { "LGA": "Wasagu\/Danko", "STATE": "KEBBI", "NAME": "Bena" }, "geometry": { "type": "Point", "coordinates": [ 5.940999984741211, 11.279000282287598 ] } },
{ "type": "Feature", "properties": { "LGA": "Sumaila", "STATE": "KANO", "NAME": "Sitti" }, "geometry": { "type": "Point", "coordinates": [ 8.777999877929688, 11.279000282287598 ] } },
{ "type": "Feature", "properties": { "LGA": "Giade", "STATE": "BAUCHI", "NAME": "Jarmowo" }, "geometry": { "type": "Point", "coordinates": [ 10.208000183105469, 11.277999877929688 ] } },
{ "type": "Feature", "properties": { "LGA": "Gwaram", "STATE": "JIGAWA", "NAME": "Gwaram" }, "geometry": { "type": "Point", "coordinates": [ 9.887999534606934, 11.27400016784668 ] } },
{ "type": "Feature", "properties": { "LGA": "Koko\/Besse", "STATE": "KEBBI", "NAME": "Besse" }, "geometry": { "type": "Point", "coordinates": [ 4.438000202178955, 11.267000198364258 ] } },
{ "type": "Feature", "properties": { "LGA": "Birnin Gwari", "STATE": "KADUNA", "NAME": "Kwadaga" }, "geometry": { "type": "Point", "coordinates": [ 6.776999950408936, 11.26099967956543 ] } },
{ "type": "Feature", "properties": { "LGA": "Gwoza", "STATE": "BORNO", "NAME": "Dure Karguma" }, "geometry": { "type": "Point", "coordinates": [ 13.640999794006348, 11.246000289916992 ] } },
{ "type": "Feature", "properties": { "LGA": "Sakaba", "STATE": "KEBBI", "NAME": "Dirindaji" }, "geometry": { "type": "Point", "coordinates": [ 5.467999935150146, 11.241999626159668 ] } },
{ "type": "Feature", "properties": { "LGA": "Tudun Wada", "STATE": "KANO", "NAME": "Tudun Wada" }, "geometry": { "type": "Point", "coordinates": [ 8.406000137329102, 11.241999626159668 ] } },
{ "type": "Feature", "properties": { "LGA": "Rijau", "STATE": "NIGER", "NAME": "Duku" }, "geometry": { "type": "Point", "coordinates": [ 4.909999847412109, 11.237000465393066 ] } },
{ "type": "Feature", "properties": { "LGA": "Ningi", "STATE": "BAUCHI", "NAME": "Shamaki" }, "geometry": { "type": "Point", "coordinates": [ 9.590999603271484, 11.227999687194824 ] } },
{ "type": "Feature", "properties": { "LGA": "Damboa", "STATE": "BORNO", "NAME": "Mulgai" }, "geometry": { "type": "Point", "coordinates": [ 13.222999572753906, 11.211999893188477 ] } },
{ "type": "Feature", "properties": { "LGA": "Darazo", "STATE": "BAUCHI", "NAME": "Sabon Gari" }, "geometry": { "type": "Point", "coordinates": [ 10.840000152587891, 11.204000473022461 ] } },
{ "type": "Feature", "properties": { "LGA": "Gujba", "STATE": "YOBE", "NAME": "Buni" }, "geometry": { "type": "Point", "coordinates": [ 12.034000396728516, 11.201999664306641 ] } },
{ "type": "Feature", "properties": { "LGA": "Shanga", "STATE": "KEBBI", "NAME": "Kade" }, "geometry": { "type": "Point", "coordinates": [ 4.639999866485596, 11.184000015258789 ] } },
{ "type": "Feature", "properties": { "LGA": "Ikara", "STATE": "KADUNA", "NAME": "Ikara" }, "geometry": { "type": "Point", "coordinates": [ 8.227999687194824, 11.178000450134277 ] } },
{ "type": "Feature", "properties": { "LGA": "Doguwa", "STATE": "KANO", "NAME": "Burji" }, "geometry": { "type": "Point", "coordinates": [ 8.548000335693359, 11.166999816894531 ] } },
{ "type": "Feature", "properties": { "LGA": "Rijau", "STATE": "NIGER", "NAME": "Iri" }, "geometry": { "type": "Point", "coordinates": [ 5.014999866485596, 11.163000106811523 ] } },
{ "type": "Feature", "properties": { "LGA": "Bagudo", "STATE": "KEBBI", "NAME": "Lafagu" }, "geometry": { "type": "Point", "coordinates": [ 4.306000232696533, 11.159999847412109 ] } },
{ "type": "Feature", "properties": { "LGA": "Bagudo", "STATE": "KEBBI", "NAME": "Samia" }, "geometry": { "type": "Point", "coordinates": [ 3.724999904632568, 11.159000396728516 ] } },
{ "type": "Feature", "properties": { "LGA": "Damboa", "STATE": "BORNO", "NAME": "Damboa" }, "geometry": { "type": "Point", "coordinates": [ 12.760000228881836, 11.157999992370605 ] } },
{ "type": "Feature", "properties": { "LGA": "Darazo", "STATE": "BAUCHI", "NAME": "Gabarin" }, "geometry": { "type": "Point", "coordinates": [ 10.454999923706055, 11.152999877929688 ] } },
{ "type": "Feature", "properties": { "LGA": "Bagudo", "STATE": "KEBBI", "NAME": "Darana" }, "geometry": { "type": "Point", "coordinates": [ 3.989000082015991, 11.126999855041504 ] } },
{ "type": "Feature", "properties": { "LGA": "Gulani", "STATE": "YOBE", "NAME": "Kokuwa" }, "geometry": { "type": "Point", "coordinates": [ 11.901000022888184, 11.102999687194824 ] } },
{ "type": "Feature", "properties": { "LGA": "Shanga", "STATE": "KEBBI", "NAME": "Giro-masa" }, "geometry": { "type": "Point", "coordinates": [ 4.724999904632568, 11.10200023651123 ] } },
{ "type": "Feature", "properties": { "LGA": "Rijau", "STATE": "NIGER", "NAME": "Rijau" }, "geometry": { "type": "Point", "coordinates": [ 5.255000114440918, 11.097000122070312 ] } },
{ "type": "Feature", "properties": { "LGA": "Maru", "STATE": "ZAMFARA", "NAME": "Kwiambana" }, "geometry": { "type": "Point", "coordinates": [ 6.570000171661377, 11.090000152587891 ] } },
{ "type": "Feature", "properties": { "LGA": "Zaria", "STATE": "KADUNA", "NAME": "Zaria" }, "geometry": { "type": "Point", "coordinates": [ 7.716000080108643, 11.081999778747559 ] } },
{ "type": "Feature", "properties": { "LGA": "Nafada", "STATE": "GOMBE", "NAME": "Nafada" }, "geometry": { "type": "Point", "coordinates": [ 11.336000442504883, 11.081999778747559 ] } },
{ "type": "Feature", "properties": { "LGA": "Ningi", "STATE": "BAUCHI", "NAME": "Ningi" }, "geometry": { "type": "Point", "coordinates": [ 9.564999580383301, 11.074999809265137 ] } },
{ "type": "Feature", "properties": { "LGA": "Bagudo", "STATE": "KEBBI", "NAME": "Buya" }, "geometry": { "type": "Point", "coordinates": [ 4.074999809265137, 11.071000099182129 ] } },
{ "type": "Feature", "properties": { "LGA": "Shanga", "STATE": "KEBBI", "NAME": "Tunga Laila" }, "geometry": { "type": "Point", "coordinates": [ 4.327000141143799, 11.065999984741211 ] } },
{ "type": "Feature", "properties": { "LGA": "Sakaba", "STATE": "KEBBI", "NAME": "Sakaba" }, "geometry": { "type": "Point", "coordinates": [ 5.599999904632568, 11.055999755859375 ] } },
{ "type": "Feature", "properties": { "LGA": "Shanga", "STATE": "KEBBI", "NAME": "Nasarawa" }, "geometry": { "type": "Point", "coordinates": [ 4.658999919891357, 11.050999641418457 ] } },
{ "type": "Feature", "properties": { "LGA": "Birnin Gwari", "STATE": "KADUNA", "NAME": "Kadaura" }, "geometry": { "type": "Point", "coordinates": [ 6.985000133514404, 11.038000106811523 ] } },
{ "type": "Feature", "properties": { "LGA": "Gulani", "STATE": "YOBE", "NAME": "Biusare" }, "geometry": { "type": "Point", "coordinates": [ 11.737000465393066, 11.034000396728516 ] } },
{ "type": "Feature", "properties": { "LGA": "Mariga", "STATE": "NIGER", "NAME": "Kotonkoro" }, "geometry": { "type": "Point", "coordinates": [ 5.958000183105469, 11.027000427246094 ] } },
{ "type": "Feature", "properties": { "LGA": "Birnin Gwari", "STATE": "KADUNA", "NAME": "Sofo-birnin-gwari" }, "geometry": { "type": "Point", "coordinates": [ 6.797999858856201, 11.01099967956543 ] } },
{ "type": "Feature", "properties": { "LGA": "Soba", "STATE": "KADUNA", "NAME": "Soba" }, "geometry": { "type": "Point", "coordinates": [ 8.059000015258789, 10.979999542236328 ] } },
{ "type": "Feature", "properties": { "LGA": "Gwoza", "STATE": "BORNO", "NAME": "Izge Rana" }, "geometry": { "type": "Point", "coordinates": [ 13.340999603271484, 10.977999687194824 ] } },
{ "type": "Feature", "properties": { "LGA": "Ganjuwa", "STATE": "BAUCHI", "NAME": "Ugumji" }, "geometry": { "type": "Point", "coordinates": [ 10.029999732971191, 10.937000274658203 ] } },
{ "type": "Feature", "properties": { "LGA": "Rijau", "STATE": "NIGER", "NAME": "Warari" }, "geometry": { "type": "Point", "coordinates": [ 5.309999942779541, 10.935000419616699 ] } },
{ "type": "Feature", "properties": { "LGA": "Soba", "STATE": "KADUNA", "NAME": "Matari" }, "geometry": { "type": "Point", "coordinates": [ 7.836999893188477, 10.930999755859375 ] } },
{ "type": "Feature", "properties": { "LGA": "Biu", "STATE": "BORNO", "NAME": "Buratai" }, "geometry": { "type": "Point", "coordinates": [ 12.086999893188477, 10.916999816894531 ] } },
{ "type": "Feature", "properties": { "LGA": "Giwa", "STATE": "KADUNA", "NAME": "Atuma" }, "geometry": { "type": "Point", "coordinates": [ 7.129000186920166, 10.913000106811523 ] } },
{ "type": "Feature", "properties": { "LGA": "Nafada", "STATE": "GOMBE", "NAME": "Birri" }, "geometry": { "type": "Point", "coordinates": [ 11.277999877929688, 10.907999992370605 ] } },
{ "type": "Feature", "properties": { "LGA": "Ganjuwa", "STATE": "BAUCHI", "NAME": "Miya" }, "geometry": { "type": "Point", "coordinates": [ 9.826999664306641, 10.892999649047852 ] } },
{ "type": "Feature", "properties": { "LGA": "Chibok", "STATE": "BORNO", "NAME": "Badir" }, "geometry": { "type": "Point", "coordinates": [ 12.560000419616699, 10.885000228881836 ] } },
{ "type": "Feature", "properties": { "LGA": "Chibok", "STATE": "BORNO", "NAME": "Chibok" }, "geometry": { "type": "Point", "coordinates": [ 12.906999588012695, 10.880999565124512 ] } },
{ "type": "Feature", "properties": { "LGA": "Ngaski", "STATE": "KEBBI", "NAME": "Kembu" }, "geometry": { "type": "Point", "coordinates": [ 5.01200008392334, 10.878000259399414 ] } },
{ "type": "Feature", "properties": { "LGA": "Borgu", "STATE": "NIGER", "NAME": "Swate" }, "geometry": { "type": "Point", "coordinates": [ 3.884999990463257, 10.87399959564209 ] } },
{ "type": "Feature", "properties": { "LGA": "Borgu", "STATE": "NIGER", "NAME": "Konkwesso" }, "geometry": { "type": "Point", "coordinates": [ 4.119999885559082, 10.842000007629395 ] } },
{ "type": "Feature", "properties": { "LGA": "Ningi", "STATE": "BAUCHI", "NAME": "Rafin Dinga" }, "geometry": { "type": "Point", "coordinates": [ 9.090999603271484, 10.840999603271484 ] } },
{ "type": "Feature", "properties": { "LGA": "Agwara", "STATE": "NIGER", "NAME": "Mogo" }, "geometry": { "type": "Point", "coordinates": [ 4.491000175476074, 10.835000038146973 ] } },
{ "type": "Feature", "properties": { "LGA": "Dukku", "STATE": "GOMBE", "NAME": "Dukku" }, "geometry": { "type": "Point", "coordinates": [ 10.776000022888184, 10.814999580383301 ] } },
{ "type": "Feature", "properties": { "LGA": "Mariga", "STATE": "NIGER", "NAME": "Gulbin Boka" }, "geometry": { "type": "Point", "coordinates": [ 5.372000217437744, 10.814000129699707 ] } },
{ "type": "Feature", "properties": { "LGA": "Igabi", "STATE": "KADUNA", "NAME": "Sabon Birni" }, "geometry": { "type": "Point", "coordinates": [ 7.304999828338623, 10.814000129699707 ] } },
{ "type": "Feature", "properties": { "LGA": "Mariga", "STATE": "NIGER", "NAME": "Kurugin Maidowa" }, "geometry": { "type": "Point", "coordinates": [ 6.058000087738037, 10.809000015258789 ] } },
{ "type": "Feature", "properties": { "LGA": "Igabi", "STATE": "KADUNA", "NAME": "Igabi" }, "geometry": { "type": "Point", "coordinates": [ 7.782999992370605, 10.784999847412109 ] } },
{ "type": "Feature", "properties": { "LGA": "Doguwa", "STATE": "KANO", "NAME": "Zenabi" }, "geometry": { "type": "Point", "coordinates": [ 8.770000457763672, 10.784999847412109 ] } },
{ "type": "Feature", "properties": { "LGA": "Ngaski", "STATE": "KEBBI", "NAME": "Bin Yauri" }, "geometry": { "type": "Point", "coordinates": [ 4.815999984741211, 10.779999732971191 ] } },
{ "type": "Feature", "properties": { "LGA": "Birnin Gwari", "STATE": "KADUNA", "NAME": "Muya" }, "geometry": { "type": "Point", "coordinates": [ 7.125999927520752, 10.765000343322754 ] } },
{ "type": "Feature", "properties": { "LGA": "Kubau", "STATE": "KADUNA", "NAME": "Sogaga" }, "geometry": { "type": "Point", "coordinates": [ 8.560999870300293, 10.76200008392334 ] } },
{ "type": "Feature", "properties": { "LGA": "Biu", "STATE": "BORNO", "NAME": "Miringa" }, "geometry": { "type": "Point", "coordinates": [ 12.156999588012695, 10.753000259399414 ] } },
{ "type": "Feature", "properties": { "LGA": "Chikun", "STATE": "KADUNA", "NAME": "Tundun Sakwa" }, "geometry": { "type": "Point", "coordinates": [ 6.826000213623047, 10.732999801635742 ] } },
{ "type": "Feature", "properties": { "LGA": "Gulani", "STATE": "YOBE", "NAME": "Gulani" }, "geometry": { "type": "Point", "coordinates": [ 11.694999694824219, 10.718999862670898 ] } },
{ "type": "Feature", "properties": { "LGA": "Birnin Gwari", "STATE": "KADUNA", "NAME": "Kakangi" }, "geometry": { "type": "Point", "coordinates": [ 6.215000152587891, 10.706000328063965 ] } },
{ "type": "Feature", "properties": { "LGA": "Funakaye", "STATE": "GOMBE", "NAME": "Tongo" }, "geometry": { "type": "Point", "coordinates": [ 11.36400032043457, 10.699999809265137 ] } },
{ "type": "Feature", "properties": { "LGA": "Askira\/Uba", "STATE": "BORNO", "NAME": "Pupanyunyu" }, "geometry": { "type": "Point", "coordinates": [ 12.739999771118164, 10.678000450134277 ] } },
{ "type": "Feature", "properties": { "LGA": "Kubau", "STATE": "KADUNA", "NAME": "Pambeguwa" }, "geometry": { "type": "Point", "coordinates": [ 8.281000137329102, 10.673999786376953 ] } },
{ "type": "Feature", "properties": { "LGA": "Toro", "STATE": "BAUCHI", "NAME": "Sabon Gari" }, "geometry": { "type": "Point", "coordinates": [ 9.126999855041504, 10.664999961853027 ] } },
{ "type": "Feature", "properties": { "LGA": "Birnin Gwari", "STATE": "KADUNA", "NAME": "Birnin Gwari" }, "geometry": { "type": "Point", "coordinates": [ 6.548999786376953, 10.66100025177002 ] } },
{ "type": "Feature", "properties": { "LGA": "Askira\/Uba", "STATE": "BORNO", "NAME": "Askira" }, "geometry": { "type": "Point", "coordinates": [ 12.979999542236328, 10.652999877929688 ] } },
{ "type": "Feature", "properties": { "LGA": "Chikun", "STATE": "KADUNA", "NAME": "Ganga" }, "geometry": { "type": "Point", "coordinates": [ 6.96999979019165, 10.638999938964844 ] } },
{ "type": "Feature", "properties": { "LGA": "Chikun", "STATE": "KADUNA", "NAME": "Buruku" }, "geometry": { "type": "Point", "coordinates": [ 7.230000019073486, 10.61400032043457 ] } },
{ "type": "Feature", "properties": { "LGA": "Biu", "STATE": "BORNO", "NAME": "Biu" }, "geometry": { "type": "Point", "coordinates": [ 12.206000328063965, 10.60099983215332 ] } },
{ "type": "Feature", "properties": { "LGA": "Mariga", "STATE": "NIGER", "NAME": "Iferri" }, "geometry": { "type": "Point", "coordinates": [ 5.703999996185303, 10.597000122070312 ] } },
{ "type": "Feature", "properties": { "LGA": "Birnin Gwari", "STATE": "KADUNA", "NAME": "Ungwan Zakara" }, "geometry": { "type": "Point", "coordinates": [ 6.322000026702881, 10.553999900817871 ] } },
{ "type": "Feature", "properties": { "LGA": "Bauchi", "STATE": "BAUCHI", "NAME": "Rauta" }, "geometry": { "type": "Point", "coordinates": [ 9.630999565124512, 10.553999900817871 ] } },
{ "type": "Feature", "properties": { "LGA": "Birnin Gwari", "STATE": "KADUNA", "NAME": "Randeggi" }, "geometry": { "type": "Point", "coordinates": [ 6.145999908447266, 10.545000076293945 ] } },
{ "type": "Feature", "properties": { "LGA": "Kaduna North", "STATE": "KADUNA", "NAME": "Kaduna" }, "geometry": { "type": "Point", "coordinates": [ 7.442999839782715, 10.519000053405762 ] } },
{ "type": "Feature", "properties": { "LGA": "Askira\/Uba", "STATE": "BORNO", "NAME": "Wamdewo" }, "geometry": { "type": "Point", "coordinates": [ 13.130000114440918, 10.515999794006348 ] } },
{ "type": "Feature", "properties": { "LGA": "Rafi", "STATE": "NIGER", "NAME": "Kusheriki" }, "geometry": { "type": "Point", "coordinates": [ 6.451000213623047, 10.508999824523926 ] } },
{ "type": "Feature", "properties": { "LGA": "Toro", "STATE": "BAUCHI", "NAME": "Dababe" }, "geometry": { "type": "Point", "coordinates": [ 8.845000267028809, 10.494999885559082 ] } },
{ "type": "Feature", "properties": { "LGA": "Chikun", "STATE": "KADUNA", "NAME": "Tudun Quardo" }, "geometry": { "type": "Point", "coordinates": [ 7.066999912261963, 10.487000465393066 ] } },
{ "type": "Feature", "properties": { "LGA": "Magama", "STATE": "NIGER", "NAME": "Ibeto" }, "geometry": { "type": "Point", "coordinates": [ 5.150000095367432, 10.47599983215332 ] } },
{ "type": "Feature", "properties": { "LGA": "Kwami", "STATE": "GOMBE", "NAME": "Gadam" }, "geometry": { "type": "Point", "coordinates": [ 11.105999946594238, 10.472000122070312 ] } },
{ "type": "Feature", "properties": { "LGA": "Borgu", "STATE": "NIGER", "NAME": "Sabon Gida" }, "geometry": { "type": "Point", "coordinates": [ 3.904000043869019, 10.468000411987305 ] } },
{ "type": "Feature", "properties": { "LGA": "Kirfi", "STATE": "BAUCHI", "NAME": "Beni" }, "geometry": { "type": "Point", "coordinates": [ 10.404000282287598, 10.451999664306641 ] } },
{ "type": "Feature", "properties": { "LGA": "Mariga", "STATE": "NIGER", "NAME": "Uzawo" }, "geometry": { "type": "Point", "coordinates": [ 5.685999870300293, 10.451000213623047 ] } },
{ "type": "Feature", "properties": { "LGA": "Hawul", "STATE": "BORNO", "NAME": "Kwajaffa Babur" }, "geometry": { "type": "Point", "coordinates": [ 12.427000045776367, 10.449000358581543 ] } },
{ "type": "Feature", "properties": { "LGA": "Toro", "STATE": "BAUCHI", "NAME": "Lame" }, "geometry": { "type": "Point", "coordinates": [ 9.241999626159668, 10.439999580383301 ] } },
{ "type": "Feature", "properties": { "LGA": "Bauchi", "STATE": "BAUCHI", "NAME": "Gubi" }, "geometry": { "type": "Point", "coordinates": [ 9.822999954223633, 10.439000129699707 ] } },
{ "type": "Feature", "properties": { "LGA": "Shiroro", "STATE": "NIGER", "NAME": "Alawa" }, "geometry": { "type": "Point", "coordinates": [ 6.63100004196167, 10.409000396728516 ] } },
{ "type": "Feature", "properties": { "LGA": "Rafi", "STATE": "NIGER", "NAME": "Pandogari" }, "geometry": { "type": "Point", "coordinates": [ 6.403999805450439, 10.406000137329102 ] } },
{ "type": "Feature", "properties": { "LGA": "Kirfi", "STATE": "BAUCHI", "NAME": "Bara" }, "geometry": { "type": "Point", "coordinates": [ 10.795000076293945, 10.406000137329102 ] } },
{ "type": "Feature", "properties": { "LGA": "Gombi", "STATE": "ADAMAWA", "NAME": "Garkida" }, "geometry": { "type": "Point", "coordinates": [ 12.597999572753906, 10.406000137329102 ] } },
{ "type": "Feature", "properties": { "LGA": "Lere", "STATE": "KADUNA", "NAME": "Rahama" }, "geometry": { "type": "Point", "coordinates": [ 8.687999725341797, 10.404999732971191 ] } },
{ "type": "Feature", "properties": { "LGA": "Kontagora", "STATE": "NIGER", "NAME": "Kontagora" }, "geometry": { "type": "Point", "coordinates": [ 5.46999979019165, 10.401000022888184 ] } },
{ "type": "Feature", "properties": { "LGA": "Borgu", "STATE": "NIGER", "NAME": "Babana" }, "geometry": { "type": "Point", "coordinates": [ 3.822000026702881, 10.395999908447266 ] } },
{ "type": "Feature", "properties": { "LGA": "Borgu", "STATE": "NIGER", "NAME": "Kubli" }, "geometry": { "type": "Point", "coordinates": [ 4.124000072479248, 10.387999534606934 ] } },
{ "type": "Feature", "properties": { "LGA": "Bayo", "STATE": "BORNO", "NAME": "Wuyo" }, "geometry": { "type": "Point", "coordinates": [ 11.694999694824219, 10.37399959564209 ] } },
{ "type": "Feature", "properties": { "LGA": "Shiroro", "STATE": "NIGER", "NAME": "Gadna" }, "geometry": { "type": "Point", "coordinates": [ 7.017000198364258, 10.336000442504883 ] } },
{ "type": "Feature", "properties": { "LGA": "Bauchi", "STATE": "BAUCHI", "NAME": "Bauchi" }, "geometry": { "type": "Point", "coordinates": [ 9.845000267028809, 10.310000419616699 ] } },
{ "type": "Feature", "properties": { "LGA": "Magama", "STATE": "NIGER", "NAME": "Salka" }, "geometry": { "type": "Point", "coordinates": [ 4.973000049591064, 10.307000160217285 ] } },
{ "type": "Feature", "properties": { "LGA": "Hawul", "STATE": "BORNO", "NAME": "Buma" }, "geometry": { "type": "Point", "coordinates": [ 12.199000358581543, 10.300000190734863 ] } },
{ "type": "Feature", "properties": { "LGA": "Gombe", "STATE": "GOMBE", "NAME": "Gombe" }, "geometry": { "type": "Point", "coordinates": [ 11.175000190734863, 10.281999588012695 ] } },
{ "type": "Feature", "properties": { "LGA": "Mariga", "STATE": "NIGER", "NAME": "Bobi" }, "geometry": { "type": "Point", "coordinates": [ 5.916999816894531, 10.279000282287598 ] } },
{ "type": "Feature", "properties": { "LGA": "Mariga", "STATE": "NIGER", "NAME": "Unkwoi" }, "geometry": { "type": "Point", "coordinates": [ 6.037000179290771, 10.274999618530273 ] } },
{ "type": "Feature", "properties": { "LGA": "Mubi South", "STATE": "ADAMAWA", "NAME": "Mubi" }, "geometry": { "type": "Point", "coordinates": [ 13.272000312805176, 10.262999534606934 ] } },
{ "type": "Feature", "properties": { "LGA": "Alkaleri", "STATE": "BAUCHI", "NAME": "Alkalere" }, "geometry": { "type": "Point", "coordinates": [ 10.338000297546387, 10.258999824523926 ] } },
{ "type": "Feature", "properties": { "LGA": "Chikun", "STATE": "KADUNA", "NAME": "Gwagwada" }, "geometry": { "type": "Point", "coordinates": [ 7.293000221252441, 10.253000259399414 ] } },
{ "type": "Feature", "properties": { "LGA": "Hong", "STATE": "ADAMAWA", "NAME": "Hong" }, "geometry": { "type": "Point", "coordinates": [ 12.935999870300293, 10.246999740600586 ] } },
{ "type": "Feature", "properties": { "LGA": "Borgu", "STATE": "NIGER", "NAME": "Dekala Gwejim" }, "geometry": { "type": "Point", "coordinates": [ 3.671999931335449, 10.232999801635742 ] } },
{ "type": "Feature", "properties": { "LGA": "Magama", "STATE": "NIGER", "NAME": "Gurai" }, "geometry": { "type": "Point", "coordinates": [ 4.910999774932861, 10.232999801635742 ] } },
{ "type": "Feature", "properties": { "LGA": "Mashegu", "STATE": "NIGER", "NAME": "Duchin Magaji" }, "geometry": { "type": "Point", "coordinates": [ 5.599999904632568, 10.21399974822998 ] } },
{ "type": "Feature", "properties": { "LGA": "Yamaltu\/Deba", "STATE": "GOMBE", "NAME": "Deba Habe" }, "geometry": { "type": "Point", "coordinates": [ 11.388999938964844, 10.204000473022461 ] } },
{ "type": "Feature", "properties": { "LGA": "Shani", "STATE": "BORNO", "NAME": "Shani" }, "geometry": { "type": "Point", "coordinates": [ 12.064999580383301, 10.187999725341797 ] } },
{ "type": "Feature", "properties": { "LGA": "Magama", "STATE": "NIGER", "NAME": "Auna" }, "geometry": { "type": "Point", "coordinates": [ 4.724999904632568, 10.180999755859375 ] } },
{ "type": "Feature", "properties": { "LGA": "Bassa", "STATE": "PLATEAU", "NAME": "Fuskam Mata" }, "geometry": { "type": "Point", "coordinates": [ 8.899999618530273, 10.175000190734863 ] } },
{ "type": "Feature", "properties": { "LGA": "Lere", "STATE": "KADUNA", "NAME": "Garun Kurama" }, "geometry": { "type": "Point", "coordinates": [ 8.583999633789062, 10.163000106811523 ] } },
{ "type": "Feature", "properties": { "LGA": "Gombi", "STATE": "ADAMAWA", "NAME": "Little Gombi" }, "geometry": { "type": "Point", "coordinates": [ 12.74899959564209, 10.161999702453613 ] } },
{ "type": "Feature", "properties": { "LGA": "Alkaleri", "STATE": "BAUCHI", "NAME": "Maimadi" }, "geometry": { "type": "Point", "coordinates": [ 10.789999961853027, 10.159999847412109 ] } },
{ "type": "Feature", "properties": { "LGA": "Toro", "STATE": "BAUCHI", "NAME": "Rinjim Mukur" }, "geometry": { "type": "Point", "coordinates": [ 9.284000396728516, 10.140000343322754 ] } },
{ "type": "Feature", "properties": { "LGA": "Kajuru", "STATE": "KADUNA", "NAME": "Agam" }, "geometry": { "type": "Point", "coordinates": [ 8.371000289916992, 10.128000259399414 ] } },
{ "type": "Feature", "properties": { "LGA": "Kauru", "STATE": "KADUNA", "NAME": "Idon" }, "geometry": { "type": "Point", "coordinates": [ 7.907999992370605, 10.102999687194824 ] } },
{ "type": "Feature", "properties": { "LGA": "Mashegu", "STATE": "NIGER", "NAME": "Kabogi" }, "geometry": { "type": "Point", "coordinates": [ 5.429999828338623, 10.10200023651123 ] } },
{ "type": "Feature", "properties": { "LGA": "Rafi", "STATE": "NIGER", "NAME": "Tegina" }, "geometry": { "type": "Point", "coordinates": [ 6.195000171661377, 10.065999984741211 ] } },
{ "type": "Feature", "properties": { "LGA": "Balanga", "STATE": "GOMBE", "NAME": "Kombo" }, "geometry": { "type": "Point", "coordinates": [ 11.822999954223633, 10.050999641418457 ] } },
{ "type": "Feature", "properties": { "LGA": "Alkaleri", "STATE": "BAUCHI", "NAME": "Gayar" }, "geometry": { "type": "Point", "coordinates": [ 10.291000366210938, 10.046999931335449 ] } },
{ "type": "Feature", "properties": { "LGA": "Baruten", "STATE": "KWARA", "NAME": "Kilogbe" }, "geometry": { "type": "Point", "coordinates": [ 3.622999906539917, 10.045999526977539 ] } },
{ "type": "Feature", "properties": { "LGA": "Muya", "STATE": "NIGER", "NAME": "Sarkin Pawa" }, "geometry": { "type": "Point", "coordinates": [ 7.109000205993652, 10.020999908447266 ] } },
{ "type": "Feature", "properties": { "LGA": "Maiha", "STATE": "ADAMAWA", "NAME": "Maiha" }, "geometry": { "type": "Point", "coordinates": [ 13.215999603271484, 9.98799991607666 ] } },
{ "type": "Feature", "properties": { "LGA": "Jos North", "STATE": "PLATEAU", "NAME": "Jos" }, "geometry": { "type": "Point", "coordinates": [ 8.892999649047852, 9.923999786376953 ] } },
{ "type": "Feature", "properties": { "LGA": "Baruten", "STATE": "KWARA", "NAME": "Karunji" }, "geometry": { "type": "Point", "coordinates": [ 3.596999883651733, 9.91100025177002 ] } },
{ "type": "Feature", "properties": { "LGA": "Kachia", "STATE": "KADUNA", "NAME": "Gidan Bahagu" }, "geometry": { "type": "Point", "coordinates": [ 7.452000141143799, 9.904999732971191 ] } },
{ "type": "Feature", "properties": { "LGA": "Borgu", "STATE": "NIGER", "NAME": "Wawa" }, "geometry": { "type": "Point", "coordinates": [ 4.421999931335449, 9.902000427246094 ] } },
{ "type": "Feature", "properties": { "LGA": "Mashegu", "STATE": "NIGER", "NAME": "Fellagi" }, "geometry": { "type": "Point", "coordinates": [ 4.758999824523926, 9.894000053405762 ] } },
{ "type": "Feature", "properties": { "LGA": "Billiri", "STATE": "GOMBE", "NAME": "Kalmai" }, "geometry": { "type": "Point", "coordinates": [ 11.220999717712402, 9.880999565124512 ] } },
{ "type": "Feature", "properties": { "LGA": "Kachia", "STATE": "KADUNA", "NAME": "Kachia" }, "geometry": { "type": "Point", "coordinates": [ 7.956999778747559, 9.871000289916992 ] } },
{ "type": "Feature", "properties": { "LGA": "Borgu", "STATE": "NIGER", "NAME": "Kali" }, "geometry": { "type": "Point", "coordinates": [ 4.185999870300293, 9.852999687194824 ] } },
{ "type": "Feature", "properties": { "LGA": "Alkaleri", "STATE": "BAUCHI", "NAME": "Putuk" }, "geometry": { "type": "Point", "coordinates": [ 10.902999877929688, 9.826999664306641 ] } },
{ "type": "Feature", "properties": { "LGA": "Song", "STATE": "ADAMAWA", "NAME": "Song" }, "geometry": { "type": "Point", "coordinates": [ 12.616999626159668, 9.822999954223633 ] } },
{ "type": "Feature", "properties": { "LGA": "Wushishi", "STATE": "NIGER", "NAME": "Zungeru" }, "geometry": { "type": "Point", "coordinates": [ 6.157000064849854, 9.803000450134277 ] } },
{ "type": "Feature", "properties": { "LGA": "Jos South", "STATE": "PLATEAU", "NAME": "Bukuru" }, "geometry": { "type": "Point", "coordinates": [ 8.864999771118164, 9.788000106811523 ] } },
{ "type": "Feature", "properties": { "LGA": "Mashegu", "STATE": "NIGER", "NAME": "Mule" }, "geometry": { "type": "Point", "coordinates": [ 4.98199987411499, 9.763999938964844 ] } },
{ "type": "Feature", "properties": { "LGA": "Kajuru", "STATE": "KADUNA", "NAME": "Pari" }, "geometry": { "type": "Point", "coordinates": [ 8.548000335693359, 9.76099967956543 ] } },
{ "type": "Feature", "properties": { "LGA": "Baruten", "STATE": "KWARA", "NAME": "Yashikera" }, "geometry": { "type": "Point", "coordinates": [ 3.401000022888184, 9.758000373840332 ] } },
{ "type": "Feature", "properties": { "LGA": "Mashegu", "STATE": "NIGER", "NAME": "Manegi" }, "geometry": { "type": "Point", "coordinates": [ 5.514999866485596, 9.756999969482422 ] } },
{ "type": "Feature", "properties": { "LGA": "Tafawa Balewa", "STATE": "BAUCHI", "NAME": "Tafawa Balewa" }, "geometry": { "type": "Point", "coordinates": [ 9.552000045776367, 9.75 ] } },
{ "type": "Feature", "properties": { "LGA": "Kaiama", "STATE": "KWARA", "NAME": "Worumokato" }, "geometry": { "type": "Point", "coordinates": [ 4.111999988555908, 9.729999542236328 ] } },
{ "type": "Feature", "properties": { "LGA": "Tafawa Balewa", "STATE": "BAUCHI", "NAME": "Dull" }, "geometry": { "type": "Point", "coordinates": [ 9.805999755859375, 9.715999603271484 ] } },
{ "type": "Feature", "properties": { "LGA": "Tafawa Balewa", "STATE": "BAUCHI", "NAME": "Lere" }, "geometry": { "type": "Point", "coordinates": [ 9.33899974822998, 9.701999664306641 ] } },
{ "type": "Feature", "properties": { "LGA": "Alkaleri", "STATE": "BAUCHI", "NAME": "Taramal" }, "geometry": { "type": "Point", "coordinates": [ 10.197999954223633, 9.694000244140625 ] } },
{ "type": "Feature", "properties": { "LGA": "Shelleng", "STATE": "ADAMAWA", "NAME": "Wurianka" }, "geometry": { "type": "Point", "coordinates": [ 12.10200023651123, 9.682000160217285 ] } },
{ "type": "Feature", "properties": { "LGA": "Shelleng", "STATE": "ADAMAWA", "NAME": "Kiri" }, "geometry": { "type": "Point", "coordinates": [ 12.005000114440918, 9.680000305175781 ] } },
{ "type": "Feature", "properties": { "LGA": "Mashegu", "STATE": "NIGER", "NAME": "Eban" }, "geometry": { "type": "Point", "coordinates": [ 4.906000137329102, 9.652999877929688 ] } },
{ "type": "Feature", "properties": { "LGA": "Wushishi", "STATE": "NIGER", "NAME": "Akerre" }, "geometry": { "type": "Point", "coordinates": [ 5.903999805450439, 9.652000427246094 ] } },
{ "type": "Feature", "properties": { "LGA": "Muya", "STATE": "NIGER", "NAME": "Beni" }, "geometry": { "type": "Point", "coordinates": [ 7.191999912261963, 9.640999794006348 ] } },
{ "type": "Feature", "properties": { "LGA": "Muya", "STATE": "NIGER", "NAME": "Fuka" }, "geometry": { "type": "Point", "coordinates": [ 6.945000171661377, 9.63599967956543 ] } },
{ "type": "Feature", "properties": { "LGA": "Alkaleri", "STATE": "BAUCHI", "NAME": "Bakoreji" }, "geometry": { "type": "Point", "coordinates": [ 10.727999687194824, 9.631999969482422 ] } },
{ "type": "Feature", "properties": { "LGA": "Balanga", "STATE": "GOMBE", "NAME": "Dadiya" }, "geometry": { "type": "Point", "coordinates": [ 11.435000419616699, 9.616000175476074 ] } },
{ "type": "Feature", "properties": { "LGA": "Maiha", "STATE": "ADAMAWA", "NAME": "Konkul" }, "geometry": { "type": "Point", "coordinates": [ 13.088000297546387, 9.61400032043457 ] } },
{ "type": "Feature", "properties": { "LGA": "Chanchaga", "STATE": "NIGER", "NAME": "Minna" }, "geometry": { "type": "Point", "coordinates": [ 6.552999973297119, 9.607999801635742 ] } },
{ "type": "Feature", "properties": { "LGA": "Kaiama", "STATE": "KWARA", "NAME": "Kaiama" }, "geometry": { "type": "Point", "coordinates": [ 3.953000068664551, 9.605999946594238 ] } },
{ "type": "Feature", "properties": { "LGA": "Mangu", "STATE": "PLATEAU", "NAME": "Gindiri" }, "geometry": { "type": "Point", "coordinates": [ 9.225000381469727, 9.588000297546387 ] } },
{ "type": "Feature", "properties": { "LGA": "Jema'a", "STATE": "KADUNA", "NAME": "Kafanchan" }, "geometry": { "type": "Point", "coordinates": [ 8.291000366210938, 9.583000183105469 ] } },
{ "type": "Feature", "properties": { "LGA": "Lavun", "STATE": "NIGER", "NAME": "Pizhi" }, "geometry": { "type": "Point", "coordinates": [ 5.340000152587891, 9.574000358581543 ] } },
{ "type": "Feature", "properties": { "LGA": "Shomgom", "STATE": "GOMBE", "NAME": "Dilla" }, "geometry": { "type": "Point", "coordinates": [ 11.105999946594238, 9.571000099182129 ] } },
{ "type": "Feature", "properties": { "LGA": "Wushishi", "STATE": "NIGER", "NAME": "Pai" }, "geometry": { "type": "Point", "coordinates": [ 6.208000183105469, 9.569999694824219 ] } },
{ "type": "Feature", "properties": { "LGA": "Kagarko", "STATE": "KADUNA", "NAME": "Jere" }, "geometry": { "type": "Point", "coordinates": [ 7.439000129699707, 9.567000389099121 ] } },
{ "type": "Feature", "properties": { "LGA": "Barkin Ladi", "STATE": "PLATEAU", "NAME": "Barakin Ladi" }, "geometry": { "type": "Point", "coordinates": [ 8.89900016784668, 9.534000396728516 ] } },
{ "type": "Feature", "properties": { "LGA": "Mashegu", "STATE": "NIGER", "NAME": "Tswafu" }, "geometry": { "type": "Point", "coordinates": [ 5.052000045776367, 9.531999588012695 ] } },
{ "type": "Feature", "properties": { "LGA": "Paikoro", "STATE": "NIGER", "NAME": "Kafin" }, "geometry": { "type": "Point", "coordinates": [ 7.083000183105469, 9.519000053405762 ] } },
{ "type": "Feature", "properties": { "LGA": "Fufure", "STATE": "ADAMAWA", "NAME": "Wuro Yolde" }, "geometry": { "type": "Point", "coordinates": [ 12.751999855041504, 9.51200008392334 ] } },
{ "type": "Feature", "properties": { "LGA": "Girei", "STATE": "ADAMAWA", "NAME": "Jiberu" }, "geometry": { "type": "Point", "coordinates": [ 12.574000358581543, 9.505999565124512 ] } },
{ "type": "Feature", "properties": { "LGA": "Kagarko", "STATE": "KADUNA", "NAME": "Kagarko" }, "geometry": { "type": "Point", "coordinates": [ 7.722000122070312, 9.503000259399414 ] } },
{ "type": "Feature", "properties": { "LGA": "Lavun", "STATE": "NIGER", "NAME": "Kutiwenji" }, "geometry": { "type": "Point", "coordinates": [ 5.682000160217285, 9.501999855041504 ] } },
{ "type": "Feature", "properties": { "LGA": "Girei", "STATE": "ADAMAWA", "NAME": "Gereng" }, "geometry": { "type": "Point", "coordinates": [ 12.312999725341797, 9.48799991607666 ] } },
{ "type": "Feature", "properties": { "LGA": "Mokwa", "STATE": "NIGER", "NAME": "Shika" }, "geometry": { "type": "Point", "coordinates": [ 4.747000217437744, 9.479999542236328 ] } },
{ "type": "Feature", "properties": { "LGA": "Baruten", "STATE": "KWARA", "NAME": "Gwasero" }, "geometry": { "type": "Point", "coordinates": [ 3.522000074386597, 9.473999977111816 ] } },
{ "type": "Feature", "properties": { "LGA": "Baruten", "STATE": "KWARA", "NAME": "Suya" }, "geometry": { "type": "Point", "coordinates": [ 3.178999900817871, 9.463000297546387 ] } },
{ "type": "Feature", "properties": { "LGA": "Lavun", "STATE": "NIGER", "NAME": "Charati" }, "geometry": { "type": "Point", "coordinates": [ 5.445000171661377, 9.460000038146973 ] } },
{ "type": "Feature", "properties": { "LGA": "Numan", "STATE": "ADAMAWA", "NAME": "Numan" }, "geometry": { "type": "Point", "coordinates": [ 12.032999992370605, 9.460000038146973 ] } },
{ "type": "Feature", "properties": { "LGA": "Mashegu", "STATE": "NIGER", "NAME": "Zugurma" }, "geometry": { "type": "Point", "coordinates": [ 4.962999820709229, 9.454999923706055 ] } },
{ "type": "Feature", "properties": { "LGA": "Jema'a", "STATE": "KADUNA", "NAME": "Ungwar Amere" }, "geometry": { "type": "Point", "coordinates": [ 8.220999717712402, 9.449000358581543 ] } },
{ "type": "Feature", "properties": { "LGA": "Gbako", "STATE": "NIGER", "NAME": "Bandegi" }, "geometry": { "type": "Point", "coordinates": [ 6.151999950408936, 9.435000419616699 ] } },
{ "type": "Feature", "properties": { "LGA": "Kagarko", "STATE": "KADUNA", "NAME": "Ida" }, "geometry": { "type": "Point", "coordinates": [ 7.366000175476074, 9.432000160217285 ] } },
{ "type": "Feature", "properties": { "LGA": "Kagarko", "STATE": "KADUNA", "NAME": "Kubacha" }, "geometry": { "type": "Point", "coordinates": [ 7.802999973297119, 9.428999900817871 ] } },
{ "type": "Feature", "properties": { "LGA": "Paikoro", "STATE": "NIGER", "NAME": "Paiko" }, "geometry": { "type": "Point", "coordinates": [ 6.63700008392334, 9.427000045776367 ] } },
{ "type": "Feature", "properties": { "LGA": "Mokwa", "STATE": "NIGER", "NAME": "Bokanj" }, "geometry": { "type": "Point", "coordinates": [ 5.221000194549561, 9.423999786376953 ] } },
{ "type": "Feature", "properties": { "LGA": "Kaiama", "STATE": "KWARA", "NAME": "Gberia" }, "geometry": { "type": "Point", "coordinates": [ 3.877000093460083, 9.406000137329102 ] } },
{ "type": "Feature", "properties": { "LGA": "Demsa", "STATE": "ADAMAWA", "NAME": "Dong" }, "geometry": { "type": "Point", "coordinates": [ 11.921999931335449, 9.39799976348877 ] } },
{ "type": "Feature", "properties": { "LGA": "Mangu", "STATE": "PLATEAU", "NAME": "Panyam" }, "geometry": { "type": "Point", "coordinates": [ 9.213000297546387, 9.395000457763672 ] } },
{ "type": "Feature", "properties": { "LGA": "Fufure", "STATE": "ADAMAWA", "NAME": "Bilachi" }, "geometry": { "type": "Point", "coordinates": [ 12.782999992370605, 9.392000198364258 ] } },
{ "type": "Feature", "properties": { "LGA": "Lau", "STATE": "TARABA", "NAME": "Jen" }, "geometry": { "type": "Point", "coordinates": [ 11.467000007629395, 9.369000434875488 ] } },
{ "type": "Feature", "properties": { "LGA": "Kanke", "STATE": "PLATEAU", "NAME": "Amper" }, "geometry": { "type": "Point", "coordinates": [ 9.673000335693359, 9.362000465393066 ] } },
{ "type": "Feature", "properties": { "LGA": "Katcha", "STATE": "NIGER", "NAME": "Kataergi" }, "geometry": { "type": "Point", "coordinates": [ 6.302000045776367, 9.350000381469727 ] } },
{ "type": "Feature", "properties": { "LGA": "Fufure", "STATE": "ADAMAWA", "NAME": "Tepe" }, "geometry": { "type": "Point", "coordinates": [ 12.878000259399414, 9.345999717712402 ] } },
{ "type": "Feature", "properties": { "LGA": "Wase", "STATE": "PLATEAU", "NAME": "Bashar" }, "geometry": { "type": "Point", "coordinates": [ 10.170000076293945, 9.319000244140625 ] } },
{ "type": "Feature", "properties": { "LGA": "Pankshin", "STATE": "PLATEAU", "NAME": "Pankshin" }, "geometry": { "type": "Point", "coordinates": [ 9.444999694824219, 9.314999580383301 ] } },
{ "type": "Feature", "properties": { "LGA": "Mokwa", "STATE": "NIGER", "NAME": "Karo" }, "geometry": { "type": "Point", "coordinates": [ 4.76200008392334, 9.312999725341797 ] } },
{ "type": "Feature", "properties": { "LGA": "Gbako", "STATE": "NIGER", "NAME": "Manmagi" }, "geometry": { "type": "Point", "coordinates": [ 6.087999820709229, 9.307999610900879 ] } },
{ "type": "Feature", "properties": { "LGA": "Karim-Lamido", "STATE": "TARABA", "NAME": "Karim Lamido" }, "geometry": { "type": "Point", "coordinates": [ 11.196999549865723, 9.303999900817871 ] } },
{ "type": "Feature", "properties": { "LGA": "Mokwa", "STATE": "NIGER", "NAME": "Mokwa" }, "geometry": { "type": "Point", "coordinates": [ 5.061999797821045, 9.288000106811523 ] } },
{ "type": "Feature", "properties": { "LGA": "Yola South", "STATE": "ADAMAWA", "NAME": "Ngurore" }, "geometry": { "type": "Point", "coordinates": [ 12.241999626159668, 9.281000137329102 ] } },
{ "type": "Feature", "properties": { "LGA": "Bokkos", "STATE": "PLATEAU", "NAME": "Bokkos" }, "geometry": { "type": "Point", "coordinates": [ 8.998000144958496, 9.279999732971191 ] } },
{ "type": "Feature", "properties": { "LGA": "Yola North", "STATE": "ADAMAWA", "NAME": "Jimeta" }, "geometry": { "type": "Point", "coordinates": [ 12.461999893188477, 9.27400016784668 ] } },
{ "type": "Feature", "properties": { "LGA": "Mokwa", "STATE": "NIGER", "NAME": "Gbaki" }, "geometry": { "type": "Point", "coordinates": [ 5.283999919891357, 9.270000457763672 ] } },
{ "type": "Feature", "properties": { "LGA": "Karu", "STATE": "NASARAWA", "NAME": "Pandam" }, "geometry": { "type": "Point", "coordinates": [ 7.837999820709229, 9.246000289916992 ] } },
{ "type": "Feature", "properties": { "LGA": "Yola North", "STATE": "ADAMAWA", "NAME": "Yola" }, "geometry": { "type": "Point", "coordinates": [ 12.465000152587891, 9.23900032043457 ] } },
{ "type": "Feature", "properties": { "LGA": "Gurara", "STATE": "NIGER", "NAME": "Izom" }, "geometry": { "type": "Point", "coordinates": [ 7.007999897003174, 9.23799991607666 ] } },
{ "type": "Feature", "properties": { "LGA": "Demsa", "STATE": "ADAMAWA", "NAME": "Mayo Lope" }, "geometry": { "type": "Point", "coordinates": [ 11.682999610900879, 9.23799991607666 ] } },
{ "type": "Feature", "properties": { "LGA": "Wase", "STATE": "PLATEAU", "NAME": "Zurak" }, "geometry": { "type": "Point", "coordinates": [ 10.574000358581543, 9.234000205993652 ] } },
{ "type": "Feature", "properties": { "LGA": "Kaiama", "STATE": "KWARA", "NAME": "Moshi" }, "geometry": { "type": "Point", "coordinates": [ 3.867000102996826, 9.21399974822998 ] } },
{ "type": "Feature", "properties": { "LGA": "Baruten", "STATE": "KWARA", "NAME": "Okuta" }, "geometry": { "type": "Point", "coordinates": [ 3.197999954223633, 9.211000442504883 ] } },
{ "type": "Feature", "properties": { "LGA": "Lavun", "STATE": "NIGER", "NAME": "Kutigi" }, "geometry": { "type": "Point", "coordinates": [ 5.597000122070312, 9.208000183105469 ] } },
{ "type": "Feature", "properties": { "LGA": "Abaji", "STATE": "FCT", "NAME": "Tando" }, "geometry": { "type": "Point", "coordinates": [ 6.853000164031982, 9.204000473022461 ] } },
{ "type": "Feature", "properties": { "LGA": "Lau", "STATE": "TARABA", "NAME": "Lau" }, "geometry": { "type": "Point", "coordinates": [ 11.279999732971191, 9.199000358581543 ] } },
{ "type": "Feature", "properties": { "LGA": "Agaie", "STATE": "NIGER", "NAME": "Kutiluko" }, "geometry": { "type": "Point", "coordinates": [ 6.446000099182129, 9.182999610900879 ] } },
{ "type": "Feature", "properties": { "LGA": "Karim-Lamido", "STATE": "TARABA", "NAME": "Muri" }, "geometry": { "type": "Point", "coordinates": [ 10.887999534606934, 9.182000160217285 ] } },
{ "type": "Feature", "properties": { "LGA": "Lapai", "STATE": "NIGER", "NAME": "Takuti" }, "geometry": { "type": "Point", "coordinates": [ 6.544000148773193, 9.177000045776367 ] } },
{ "type": "Feature", "properties": { "LGA": "Mokwa", "STATE": "NIGER", "NAME": "Wuya" }, "geometry": { "type": "Point", "coordinates": [ 5.837999820709229, 9.154999732971191 ] } },
{ "type": "Feature", "properties": { "LGA": "Mokwa", "STATE": "NIGER", "NAME": "Gana" }, "geometry": { "type": "Point", "coordinates": [ 4.817999839782715, 9.140000343322754 ] } },
{ "type": "Feature", "properties": { "LGA": "Langtang North", "STATE": "PLATEAU", "NAME": "Langtang" }, "geometry": { "type": "Point", "coordinates": [ 9.755000114440918, 9.128000259399414 ] } },
{ "type": "Feature", "properties": { "LGA": "Fufure", "STATE": "ADAMAWA", "NAME": "Gurin" }, "geometry": { "type": "Point", "coordinates": [ 12.876999855041504, 9.114999771118164 ] } },
{ "type": "Feature", "properties": { "LGA": "Moro", "STATE": "KWARA", "NAME": "Jebba" }, "geometry": { "type": "Point", "coordinates": [ 4.834000110626221, 9.111000061035156 ] } },
{ "type": "Feature", "properties": { "LGA": "Suleja", "STATE": "NIGER", "NAME": "Madalla" }, "geometry": { "type": "Point", "coordinates": [ 7.217999935150146, 9.109999656677246 ] } },
{ "type": "Feature", "properties": { "LGA": "Karu", "STATE": "NASARAWA", "NAME": "Gitata" }, "geometry": { "type": "Point", "coordinates": [ 7.945000171661377, 9.107999801635742 ] } },
{ "type": "Feature", "properties": { "LGA": "Baruten", "STATE": "KWARA", "NAME": "Kenu" }, "geometry": { "type": "Point", "coordinates": [ 3.114000082015991, 9.102999687194824 ] } },
{ "type": "Feature", "properties": { "LGA": "Shendam", "STATE": "PLATEAU", "NAME": "Dokan Tofa" }, "geometry": { "type": "Point", "coordinates": [ 9.326000213623047, 9.088000297546387 ] } },
{ "type": "Feature", "properties": { "LGA": "Irepo", "STATE": "OYO", "NAME": "Kishi" }, "geometry": { "type": "Point", "coordinates": [ 3.855999946594238, 9.076000213623047 ] } },
{ "type": "Feature", "properties": { "LGA": "Bida", "STATE": "NIGER", "NAME": "Bida" }, "geometry": { "type": "Point", "coordinates": [ 6.008999824523926, 9.074999809265137 ] } },
{ "type": "Feature", "properties": { "LGA": "Edu", "STATE": "KWARA", "NAME": "Shonga" }, "geometry": { "type": "Point", "coordinates": [ 5.136000156402588, 9.074000358581543 ] } },
{ "type": "Feature", "properties": { "LGA": "Yorro", "STATE": "TARABA", "NAME": "Apawa" }, "geometry": { "type": "Point", "coordinates": [ 11.531999588012695, 9.071000099182129 ] } },
{ "type": "Feature", "properties": { "LGA": "Akwanga", "STATE": "NASARAWA", "NAME": "Andaha" }, "geometry": { "type": "Point", "coordinates": [ 8.409000396728516, 9.050000190734863 ] } },
{ "type": "Feature", "properties": { "LGA": "Lapai", "STATE": "NIGER", "NAME": "Lapai" }, "geometry": { "type": "Point", "coordinates": [ 6.573999881744385, 9.03600025177002 ] } },
{ "type": "Feature", "properties": { "LGA": "Gbako", "STATE": "NIGER", "NAME": "Jima" }, "geometry": { "type": "Point", "coordinates": [ 5.868000030517578, 9.034999847412109 ] } },
{ "type": "Feature", "properties": { "LGA": "Abaji", "STATE": "FCT", "NAME": "Pate" }, "geometry": { "type": "Point", "coordinates": [ 6.870999813079834, 9.029999732971191 ] } },
{ "type": "Feature", "properties": { "LGA": "Akwanga", "STATE": "NASARAWA", "NAME": "Moroa" }, "geometry": { "type": "Point", "coordinates": [ 8.206000328063965, 9.022000312805176 ] } },
{ "type": "Feature", "properties": { "LGA": "Edati", "STATE": "NIGER", "NAME": "Ganegi" }, "geometry": { "type": "Point", "coordinates": [ 5.571000099182129, 9.01200008392334 ] } },
{ "type": "Feature", "properties": { "LGA": "Mikang", "STATE": "PLATEAU", "NAME": "Gerkawa" }, "geometry": { "type": "Point", "coordinates": [ 9.784999847412109, 8.970000267028809 ] } },
{ "type": "Feature", "properties": { "LGA": "Mayo Belwa", "STATE": "ADAMAWA", "NAME": "Jarang" }, "geometry": { "type": "Point", "coordinates": [ 11.901000022888184, 8.961000442504883 ] } },
{ "type": "Feature", "properties": { "LGA": "Edu", "STATE": "KWARA", "NAME": "Dumaji" }, "geometry": { "type": "Point", "coordinates": [ 5.144000053405762, 8.953000068664551 ] } },
{ "type": "Feature", "properties": { "LGA": "Agaie", "STATE": "NIGER", "NAME": "Bulofa" }, "geometry": { "type": "Point", "coordinates": [ 6.329999923706055, 8.940999984741211 ] } },
{ "type": "Feature", "properties": { "LGA": "Mayo Belwa", "STATE": "ADAMAWA", "NAME": "Mayo Faran" }, "geometry": { "type": "Point", "coordinates": [ 12.067000389099121, 8.934000015258789 ] } },
{ "type": "Feature", "properties": { "LGA": "Qua'an Pan", "STATE": "PLATEAU", "NAME": "Kwolla" }, "geometry": { "type": "Point", "coordinates": [ 9.277000427246094, 8.930999755859375 ] } },
{ "type": "Feature", "properties": { "LGA": "Abuja Municipal", "STATE": "FCT", "NAME": "Waru" }, "geometry": { "type": "Point", "coordinates": [ 7.5, 8.913000106811523 ] } },
{ "type": "Feature", "properties": { "LGA": "Baruten", "STATE": "KWARA", "NAME": "Ilesha-ibariba" }, "geometry": { "type": "Point", "coordinates": [ 3.436000108718872, 8.906999588012695 ] } },
{ "type": "Feature", "properties": { "LGA": "Akwanga", "STATE": "NASARAWA", "NAME": "Akwanga" }, "geometry": { "type": "Point", "coordinates": [ 8.407999992370605, 8.906000137329102 ] } },
{ "type": "Feature", "properties": { "LGA": "Shendam", "STATE": "PLATEAU", "NAME": "Shendam" }, "geometry": { "type": "Point", "coordinates": [ 9.472000122070312, 8.894000053405762 ] } },
{ "type": "Feature", "properties": { "LGA": "Abuja Municipal", "STATE": "FCT", "NAME": "Kuje" }, "geometry": { "type": "Point", "coordinates": [ 7.244999885559082, 8.890000343322754 ] } },
{ "type": "Feature", "properties": { "LGA": "Karu", "STATE": "NASARAWA", "NAME": "Uke" }, "geometry": { "type": "Point", "coordinates": [ 7.703999996185303, 8.88599967956543 ] } },
{ "type": "Feature", "properties": { "LGA": "Jalingo", "STATE": "TARABA", "NAME": "Jalingo" }, "geometry": { "type": "Point", "coordinates": [ 11.369000434875488, 8.883999824523926 ] } },
{ "type": "Feature", "properties": { "LGA": "Akwanga", "STATE": "NASARAWA", "NAME": "Gudi" }, "geometry": { "type": "Point", "coordinates": [ 8.27400016784668, 8.878000259399414 ] } },
{ "type": "Feature", "properties": { "LGA": "Kwali", "STATE": "FCT", "NAME": "Kwali" }, "geometry": { "type": "Point", "coordinates": [ 6.999000072479248, 8.87399959564209 ] } },
{ "type": "Feature", "properties": { "LGA": "Baruten", "STATE": "KWARA", "NAME": "Gwanara" }, "geometry": { "type": "Point", "coordinates": [ 3.147000074386597, 8.873000144958496 ] } },
{ "type": "Feature", "properties": { "LGA": "Karim-Lamido", "STATE": "TARABA", "NAME": "Zhiru" }, "geometry": { "type": "Point", "coordinates": [ 10.791999816894531, 8.857000350952148 ] } },
{ "type": "Feature", "properties": { "LGA": "Moro", "STATE": "KWARA", "NAME": "Araromi" }, "geometry": { "type": "Point", "coordinates": [ 4.416999816894531, 8.852999687194824 ] } },
{ "type": "Feature", "properties": { "LGA": "Edu", "STATE": "KWARA", "NAME": "Lafiagi" }, "geometry": { "type": "Point", "coordinates": [ 5.425000190734863, 8.845999717712402 ] } },
{ "type": "Feature", "properties": { "LGA": "Lapai", "STATE": "NIGER", "NAME": "Mayaki" }, "geometry": { "type": "Point", "coordinates": [ 6.709000110626221, 8.842000007629395 ] } },
{ "type": "Feature", "properties": { "LGA": "Keffi", "STATE": "NASARAWA", "NAME": "Keffi" }, "geometry": { "type": "Point", "coordinates": [ 7.875999927520752, 8.840000152587891 ] } },
{ "type": "Feature", "properties": { "LGA": "Fufure", "STATE": "ADAMAWA", "NAME": "Barasa" }, "geometry": { "type": "Point", "coordinates": [ 12.576000213623047, 8.836999893188477 ] } },
{ "type": "Feature", "properties": { "LGA": "Zing", "STATE": "TARABA", "NAME": "Monkin" }, "geometry": { "type": "Point", "coordinates": [ 11.699999809265137, 8.833000183105469 ] } },
{ "type": "Feature", "properties": { "LGA": "Wase", "STATE": "PLATEAU", "NAME": "Pinau" }, "geometry": { "type": "Point", "coordinates": [ 10.24899959564209, 8.829999923706055 ] } },
{ "type": "Feature", "properties": { "LGA": "Orelope", "STATE": "OYO", "NAME": "Igboho" }, "geometry": { "type": "Point", "coordinates": [ 3.760999917984009, 8.828000068664551 ] } },
{ "type": "Feature", "properties": { "LGA": "Abuja Municipal", "STATE": "FCT", "NAME": "Karshi" }, "geometry": { "type": "Point", "coordinates": [ 7.553999900817871, 8.821000099182129 ] } },
{ "type": "Feature", "properties": { "LGA": "Ifelodun", "STATE": "KWARA", "NAME": "Share" }, "geometry": { "type": "Point", "coordinates": [ 4.978000164031982, 8.815999984741211 ] } },
{ "type": "Feature", "properties": { "LGA": "Kwali", "STATE": "FCT", "NAME": "Takura" }, "geometry": { "type": "Point", "coordinates": [ 6.816999912261963, 8.786999702453613 ] } },
{ "type": "Feature", "properties": { "LGA": "Edu", "STATE": "KWARA", "NAME": "Gubugbu" }, "geometry": { "type": "Point", "coordinates": [ 5.301000118255615, 8.777000427246094 ] } },
{ "type": "Feature", "properties": { "LGA": "Mokwa", "STATE": "NIGER", "NAME": "Mosalachi" }, "geometry": { "type": "Point", "coordinates": [ 5.803999900817871, 8.777000427246094 ] } },
{ "type": "Feature", "properties": { "LGA": "Saki East", "STATE": "OYO", "NAME": "Ogboro" }, "geometry": { "type": "Point", "coordinates": [ 3.611000061035156, 8.762999534606934 ] } },
{ "type": "Feature", "properties": { "LGA": "Lapai", "STATE": "NIGER", "NAME": "Ndashe" }, "geometry": { "type": "Point", "coordinates": [ 6.559000015258789, 8.76200008392334 ] } },
{ "type": "Feature", "properties": { "LGA": "Edu", "STATE": "KWARA", "NAME": "Mashe" }, "geometry": { "type": "Point", "coordinates": [ 5.197999954223633, 8.75100040435791 ] } },
{ "type": "Feature", "properties": { "LGA": "Olorunsogo", "STATE": "OYO", "NAME": "Igbetti" }, "geometry": { "type": "Point", "coordinates": [ 4.136000156402588, 8.746999740600586 ] } },
{ "type": "Feature", "properties": { "LGA": "Jada", "STATE": "ADAMAWA", "NAME": "Jada" }, "geometry": { "type": "Point", "coordinates": [ 12.156000137329102, 8.743000030517578 ] } },
{ "type": "Feature", "properties": { "LGA": "Pategi", "STATE": "KWARA", "NAME": "Pategi" }, "geometry": { "type": "Point", "coordinates": [ 5.763999938964844, 8.723999977111816 ] } },
{ "type": "Feature", "properties": { "LGA": "Nasarawa", "STATE": "NASARAWA", "NAME": "Laminga" }, "geometry": { "type": "Point", "coordinates": [ 7.820000171661377, 8.677000045776367 ] } },
{ "type": "Feature", "properties": { "LGA": "Saki West", "STATE": "OYO", "NAME": "Shaki" }, "geometry": { "type": "Point", "coordinates": [ 3.401999950408936, 8.659000396728516 ] } },
{ "type": "Feature", "properties": { "LGA": "Lapai", "STATE": "NIGER", "NAME": "Gulu" }, "geometry": { "type": "Point", "coordinates": [ 6.604000091552734, 8.656999588012695 ] } },
{ "type": "Feature", "properties": { "LGA": "Shendam", "STATE": "PLATEAU", "NAME": "Damshin" }, "geometry": { "type": "Point", "coordinates": [ 9.451999664306641, 8.640999794006348 ] } },
{ "type": "Feature", "properties": { "LGA": "Gassol", "STATE": "TARABA", "NAME": "Mala" }, "geometry": { "type": "Point", "coordinates": [ 10.244000434875488, 8.618000030517578 ] } },
{ "type": "Feature", "properties": { "LGA": "Gassol", "STATE": "TARABA", "NAME": "Mutum Biyu" }, "geometry": { "type": "Point", "coordinates": [ 10.781999588012695, 8.614999771118164 ] } },
{ "type": "Feature", "properties": { "LGA": "Shendam", "STATE": "PLATEAU", "NAME": "Shemankar" }, "geometry": { "type": "Point", "coordinates": [ 9.520000457763672, 8.61299991607666 ] } },
{ "type": "Feature", "properties": { "LGA": "Saki East", "STATE": "OYO", "NAME": "Ago Amadu" }, "geometry": { "type": "Point", "coordinates": [ 3.622999906539917, 8.604999542236328 ] } },
{ "type": "Feature", "properties": { "LGA": "Agaie", "STATE": "NIGER", "NAME": "Baro" }, "geometry": { "type": "Point", "coordinates": [ 6.431000232696533, 8.600000381469727 ] } },
{ "type": "Feature", "properties": { "LGA": "Lafia", "STATE": "NASARAWA", "NAME": "Tungan Gimba" }, "geometry": { "type": "Point", "coordinates": [ 8.855999946594238, 8.590000152587891 ] } },
{ "type": "Feature", "properties": { "LGA": "Kuje", "STATE": "FCT", "NAME": "Kujakwa" }, "geometry": { "type": "Point", "coordinates": [ 7.396999835968018, 8.581999778747559 ] } },
{ "type": "Feature", "properties": { "LGA": "Qua'an Pan", "STATE": "PLATEAU", "NAME": "Namu" }, "geometry": { "type": "Point", "coordinates": [ 9.098999977111816, 8.578000068664551 ] } },
{ "type": "Feature", "properties": { "LGA": "Kwali", "STATE": "FCT", "NAME": "Dangara" }, "geometry": { "type": "Point", "coordinates": [ 6.915999889373779, 8.574000358581543 ] } },
{ "type": "Feature", "properties": { "LGA": "Gassol", "STATE": "TARABA", "NAME": "Golbembal" }, "geometry": { "type": "Point", "coordinates": [ 10.619000434875488, 8.538000106811523 ] } },
{ "type": "Feature", "properties": { "LGA": "Gassol", "STATE": "TARABA", "NAME": "Sendirdi" }, "geometry": { "type": "Point", "coordinates": [ 10.387999534606934, 8.531999588012695 ] } },
{ "type": "Feature", "properties": { "LGA": "Nasarawa", "STATE": "NASARAWA", "NAME": "Nasarawa" }, "geometry": { "type": "Point", "coordinates": [ 7.728000164031982, 8.517999649047852 ] } },
{ "type": "Feature", "properties": { "LGA": "Pategi", "STATE": "KWARA", "NAME": "Okolushe-egboro" }, "geometry": { "type": "Point", "coordinates": [ 5.698999881744385, 8.515999794006348 ] } },
{ "type": "Feature", "properties": { "LGA": "Ifelodun", "STATE": "KWARA", "NAME": "Ogunbayo" }, "geometry": { "type": "Point", "coordinates": [ 5.026000022888184, 8.49899959564209 ] } },
{ "type": "Feature", "properties": { "LGA": "Ilorin West", "STATE": "KWARA", "NAME": "Ilorin" }, "geometry": { "type": "Point", "coordinates": [ 4.545000076293945, 8.491999626159668 ] } },
{ "type": "Feature", "properties": { "LGA": "Lapai", "STATE": "NIGER", "NAME": "Nugmagi" }, "geometry": { "type": "Point", "coordinates": [ 6.541999816894531, 8.48900032043457 ] } },
{ "type": "Feature", "properties": { "LGA": "Toto", "STATE": "NASARAWA", "NAME": "Buga" }, "geometry": { "type": "Point", "coordinates": [ 7.34499979019165, 8.48900032043457 ] } },
{ "type": "Feature", "properties": { "LGA": "Yagba West", "STATE": "KOGI", "NAME": "Isanlu-esa" }, "geometry": { "type": "Point", "coordinates": [ 5.489999771118164, 8.477999687194824 ] } },
{ "type": "Feature", "properties": { "LGA": "Shendam", "STATE": "PLATEAU", "NAME": "Mato" }, "geometry": { "type": "Point", "coordinates": [ 9.682999610900879, 8.439999580383301 ] } },
{ "type": "Feature", "properties": { "LGA": "Gassol", "STATE": "TARABA", "NAME": "Sansanne" }, "geometry": { "type": "Point", "coordinates": [ 10.14799976348877, 8.390999794006348 ] } },
{ "type": "Feature", "properties": { "LGA": "Gassol", "STATE": "TARABA", "NAME": "Wurio" }, "geometry": { "type": "Point", "coordinates": [ 10.48799991607666, 8.38599967956543 ] } },
{ "type": "Feature", "properties": { "LGA": "Atigbo", "STATE": "OYO", "NAME": "Agunrege" }, "geometry": { "type": "Point", "coordinates": [ 3.392999887466431, 8.385000228881836 ] } },
{ "type": "Feature", "properties": { "LGA": "Ifelodun", "STATE": "KWARA", "NAME": "Igbaja" }, "geometry": { "type": "Point", "coordinates": [ 4.881999969482422, 8.37600040435791 ] } },
{ "type": "Feature", "properties": { "LGA": "Doma", "STATE": "NASARAWA", "NAME": "Doma" }, "geometry": { "type": "Point", "coordinates": [ 8.329999923706055, 8.375 ] } },
{ "type": "Feature", "properties": { "LGA": "Toto", "STATE": "NASARAWA", "NAME": "Toto" }, "geometry": { "type": "Point", "coordinates": [ 7.091000080108643, 8.37399959564209 ] } },
{ "type": "Feature", "properties": { "LGA": "Obi", "STATE": "NASARAWA", "NAME": "Obi" }, "geometry": { "type": "Point", "coordinates": [ 8.765999794006348, 8.369000434875488 ] } },
{ "type": "Feature", "properties": { "LGA": "Ganye", "STATE": "ADAMAWA", "NAME": "Sugu" }, "geometry": { "type": "Point", "coordinates": [ 12.067000389099121, 8.366999626159668 ] } },
{ "type": "Feature", "properties": { "LGA": "Nasarawa", "STATE": "NASARAWA", "NAME": "Bakara" }, "geometry": { "type": "Point", "coordinates": [ 7.486000061035156, 8.354999542236328 ] } },
{ "type": "Feature", "properties": { "LGA": "Kabba\/Bunu", "STATE": "KOGI", "NAME": "Taki" }, "geometry": { "type": "Point", "coordinates": [ 6.157999992370605, 8.331999778747559 ] } },
{ "type": "Feature", "properties": { "LGA": "Bali", "STATE": "TARABA", "NAME": "J. Abdullahi" }, "geometry": { "type": "Point", "coordinates": [ 11.055000305175781, 8.25 ] } },
{ "type": "Feature", "properties": { "LGA": "Ganye", "STATE": "ADAMAWA", "NAME": "Gamu" }, "geometry": { "type": "Point", "coordinates": [ 12.062999725341797, 8.24899959564209 ] } },
{ "type": "Feature", "properties": { "LGA": "Irepodun", "STATE": "KWARA", "NAME": "Ajasse Ipo" }, "geometry": { "type": "Point", "coordinates": [ 4.810999870300293, 8.236000061035156 ] } },
{ "type": "Feature", "properties": { "LGA": "Toto", "STATE": "NASARAWA", "NAME": "Matani" }, "geometry": { "type": "Point", "coordinates": [ 7.052999973297119, 8.232000350952148 ] } },
{ "type": "Feature", "properties": { "LGA": "Itesiwaju", "STATE": "OYO", "NAME": "Ljaiye" }, "geometry": { "type": "Point", "coordinates": [ 3.236999988555908, 8.22700023651123 ] } },
{ "type": "Feature", "properties": { "LGA": "Irepodun", "STATE": "KWARA", "NAME": "Oro" }, "geometry": { "type": "Point", "coordinates": [ 4.895999908447266, 8.223999977111816 ] } },
{ "type": "Feature", "properties": { "LGA": "Nasarawa", "STATE": "NASARAWA", "NAME": "Amaku" }, "geometry": { "type": "Point", "coordinates": [ 8.095000267028809, 8.218999862670898 ] } },
{ "type": "Feature", "properties": { "LGA": "Yagba West", "STATE": "KOGI", "NAME": "Egbe" }, "geometry": { "type": "Point", "coordinates": [ 5.517000198364258, 8.208999633789062 ] } },
{ "type": "Feature", "properties": { "LGA": "Kabba\/Bunu", "STATE": "KOGI", "NAME": "Shomulekiri" }, "geometry": { "type": "Point", "coordinates": [ 6.166999816894531, 8.196999549865723 ] } },
{ "type": "Feature", "properties": { "LGA": "Ibi", "STATE": "TARABA", "NAME": "Ibi" }, "geometry": { "type": "Point", "coordinates": [ 9.746999740600586, 8.184000015258789 ] } },
{ "type": "Feature", "properties": { "LGA": "Awe", "STATE": "NASARAWA", "NAME": "Awe" }, "geometry": { "type": "Point", "coordinates": [ 9.135000228881836, 8.159000396728516 ] } },
{ "type": "Feature", "properties": { "LGA": "Kogi", "STATE": "KOGI", "NAME": "Osenseni" }, "geometry": { "type": "Point", "coordinates": [ 6.784999847412109, 8.145000457763672 ] } },
{ "type": "Feature", "properties": { "LGA": "Offa", "STATE": "KWARA", "NAME": "Offa" }, "geometry": { "type": "Point", "coordinates": [ 4.724999904632568, 8.140000343322754 ] } },
{ "type": "Feature", "properties": { "LGA": "Irepodun", "STATE": "KWARA", "NAME": "Omu-aran" }, "geometry": { "type": "Point", "coordinates": [ 5.10699987411499, 8.133999824523926 ] } },
{ "type": "Feature", "properties": { "LGA": "Keana", "STATE": "NASARAWA", "NAME": "Keana" }, "geometry": { "type": "Point", "coordinates": [ 8.770999908447266, 8.130000114440918 ] } },
{ "type": "Feature", "properties": { "LGA": "Ogbomosho North", "STATE": "OYO", "NAME": "Ogbomosho" }, "geometry": { "type": "Point", "coordinates": [ 4.248000144958496, 8.123000144958496 ] } },
{ "type": "Feature", "properties": { "LGA": "Itesiwaju", "STATE": "OYO", "NAME": "Budo-ago" }, "geometry": { "type": "Point", "coordinates": [ 3.517999887466431, 8.107999801635742 ] } },
{ "type": "Feature", "properties": { "LGA": "Toungo", "STATE": "ADAMAWA", "NAME": "Toungo" }, "geometry": { "type": "Point", "coordinates": [ 12.041999816894531, 8.10099983215332 ] } },
{ "type": "Feature", "properties": { "LGA": "Mopa Muro", "STATE": "KOGI", "NAME": "Mopa" }, "geometry": { "type": "Point", "coordinates": [ 5.902999877929688, 8.095000267028809 ] } },
{ "type": "Feature", "properties": { "LGA": "Toto", "STATE": "NASARAWA", "NAME": "Kainyehu" }, "geometry": { "type": "Point", "coordinates": [ 7.14300012588501, 8.08899974822998 ] } },
{ "type": "Feature", "properties": { "LGA": "Ekiti", "STATE": "KWARA", "NAME": "Osi" }, "geometry": { "type": "Point", "coordinates": [ 5.229000091552734, 8.076999664306641 ] } },
{ "type": "Feature", "properties": { "LGA": "Doma", "STATE": "NASARAWA", "NAME": "Gidan Rai" }, "geometry": { "type": "Point", "coordinates": [ 8.354999542236328, 8.060999870300293 ] } },
{ "type": "Feature", "properties": { "LGA": "Bali", "STATE": "TARABA", "NAME": "Bakundi" }, "geometry": { "type": "Point", "coordinates": [ 10.77400016784668, 8.050999641418457 ] } },
{ "type": "Feature", "properties": { "LGA": "Ibi", "STATE": "TARABA", "NAME": "Chinka" }, "geometry": { "type": "Point", "coordinates": [ 9.440999984741211, 8.050000190734863 ] } },
{ "type": "Feature", "properties": { "LGA": "Kogi", "STATE": "KOGI", "NAME": "Jinjere" }, "geometry": { "type": "Point", "coordinates": [ 6.958000183105469, 8.03600025177002 ] } },
{ "type": "Feature", "properties": { "LGA": "Yagba East", "STATE": "KOGI", "NAME": "Jege" }, "geometry": { "type": "Point", "coordinates": [ 5.723000049591064, 8.034999847412109 ] } },
{ "type": "Feature", "properties": { "LGA": "Kajola", "STATE": "OYO", "NAME": "Oke-iho" }, "geometry": { "type": "Point", "coordinates": [ 3.345999956130981, 8.034000396728516 ] } },
{ "type": "Feature", "properties": { "LGA": "Ila", "STATE": "OSUN", "NAME": "Ila Orangun" }, "geometry": { "type": "Point", "coordinates": [ 4.907999992370605, 8.013999938964844 ] } },
{ "type": "Feature", "properties": { "LGA": "Moba", "STATE": "EKITI", "NAME": "Otun" }, "geometry": { "type": "Point", "coordinates": [ 5.11899995803833, 7.980999946594238 ] } },
{ "type": "Feature", "properties": { "LGA": "Iwajowa", "STATE": "OYO", "NAME": "Igana" }, "geometry": { "type": "Point", "coordinates": [ 3.242000102996826, 7.962999820709229 ] } },
{ "type": "Feature", "properties": { "LGA": "Iseyin", "STATE": "OYO", "NAME": "Iseyin" }, "geometry": { "type": "Point", "coordinates": [ 3.591000080108643, 7.961999893188477 ] } },
{ "type": "Feature", "properties": { "LGA": "Surulere", "STATE": "OYO", "NAME": "Iranyin" }, "geometry": { "type": "Point", "coordinates": [ 4.440999984741211, 7.958000183105469 ] } },
{ "type": "Feature", "properties": { "LGA": "Oye", "STATE": "EKITI", "NAME": "Iporo" }, "geometry": { "type": "Point", "coordinates": [ 5.321000099182129, 7.928999900817871 ] } },
{ "type": "Feature", "properties": { "LGA": "Iwajowa", "STATE": "OYO", "NAME": "Oke-ile" }, "geometry": { "type": "Point", "coordinates": [ 3.019999980926514, 7.926000118255615 ] } },
{ "type": "Feature", "properties": { "LGA": "Yagba East", "STATE": "KOGI", "NAME": "Ife" }, "geometry": { "type": "Point", "coordinates": [ 5.763999938964844, 7.921999931335449 ] } },
{ "type": "Feature", "properties": { "LGA": "Bali", "STATE": "TARABA", "NAME": "Suntai" }, "geometry": { "type": "Point", "coordinates": [ 10.378000259399414, 7.909999847412109 ] } },
{ "type": "Feature", "properties": { "LGA": "Ifelodun", "STATE": "OSUN", "NAME": "Ikirun" }, "geometry": { "type": "Point", "coordinates": [ 4.665999889373779, 7.907999992370605 ] } },
{ "type": "Feature", "properties": { "LGA": "Toungo", "STATE": "ADAMAWA", "NAME": "Kogin Baba" }, "geometry": { "type": "Point", "coordinates": [ 11.529000282287598, 7.903999805450439 ] } },
{ "type": "Feature", "properties": { "LGA": "Ejigbo", "STATE": "OSUN", "NAME": "Ejigbo" }, "geometry": { "type": "Point", "coordinates": [ 4.321000099182129, 7.89900016784668 ] } },
{ "type": "Feature", "properties": { "LGA": "Oyo West", "STATE": "OYO", "NAME": "Odo-ogun" }, "geometry": { "type": "Point", "coordinates": [ 3.726999998092651, 7.890999794006348 ] } },
{ "type": "Feature", "properties": { "LGA": "Wukari", "STATE": "TARABA", "NAME": "Wukari" }, "geometry": { "type": "Point", "coordinates": [ 9.777000427246094, 7.880000114440918 ] } },
{ "type": "Feature", "properties": { "LGA": "Bali", "STATE": "TARABA", "NAME": "Beli" }, "geometry": { "type": "Point", "coordinates": [ 10.970000267028809, 7.860000133514404 ] } },
{ "type": "Feature", "properties": { "LGA": "Oyo East", "STATE": "OYO", "NAME": "Oyo" }, "geometry": { "type": "Point", "coordinates": [ 3.934999942779541, 7.836999893188477 ] } },
{ "type": "Feature", "properties": { "LGA": "Kabba\/Bunu", "STATE": "KOGI", "NAME": "Kabba" }, "geometry": { "type": "Point", "coordinates": [ 6.070000171661377, 7.836999893188477 ] } },
{ "type": "Feature", "properties": { "LGA": "Ekiti West", "STATE": "EKITI", "NAME": "Oke-mesi" }, "geometry": { "type": "Point", "coordinates": [ 4.920000076293945, 7.824999809265137 ] } },
{ "type": "Feature", "properties": { "LGA": "Iseyin", "STATE": "OYO", "NAME": "Addo" }, "geometry": { "type": "Point", "coordinates": [ 3.434999942779541, 7.818999767303467 ] } },
{ "type": "Feature", "properties": { "LGA": "Adavi", "STATE": "KOGI", "NAME": "Zongon Daji" }, "geometry": { "type": "Point", "coordinates": [ 6.635000228881836, 7.815999984741211 ] } },
{ "type": "Feature", "properties": { "LGA": "Ijero", "STATE": "EKITI", "NAME": "Ijero" }, "geometry": { "type": "Point", "coordinates": [ 5.068999767303467, 7.813000202178955 ] } },
{ "type": "Feature", "properties": { "LGA": "Oye", "STATE": "EKITI", "NAME": "Itapa" }, "geometry": { "type": "Point", "coordinates": [ 5.38700008392334, 7.809000015258789 ] } },
{ "type": "Feature", "properties": { "LGA": "Ikole", "STATE": "EKITI", "NAME": "Oke Igbira" }, "geometry": { "type": "Point", "coordinates": [ 5.565000057220459, 7.809000015258789 ] } },
{ "type": "Feature", "properties": { "LGA": "Lokoja", "STATE": "KOGI", "NAME": "Lokoja" }, "geometry": { "type": "Point", "coordinates": [ 6.736999988555908, 7.809000015258789 ] } },
{ "type": "Feature", "properties": { "LGA": "Bassa", "STATE": "KOGI", "NAME": "Odenyi" }, "geometry": { "type": "Point", "coordinates": [ 7.048999786376953, 7.793000221252441 ] } },
{ "type": "Feature", "properties": { "LGA": "Ido\/Osi", "STATE": "EKITI", "NAME": "Ifaki" }, "geometry": { "type": "Point", "coordinates": [ 5.249000072479248, 7.791999816894531 ] } },
{ "type": "Feature", "properties": { "LGA": "Logo", "STATE": "BENUE", "NAME": "Akwana" }, "geometry": { "type": "Point", "coordinates": [ 9.163999557495117, 7.789000034332275 ] } },
{ "type": "Feature", "properties": { "LGA": "Osogbo", "STATE": "OSUN", "NAME": "Oshogbo" }, "geometry": { "type": "Point", "coordinates": [ 4.560999870300293, 7.765999794006348 ] } },
{ "type": "Feature", "properties": { "LGA": "Ekiti East", "STATE": "EKITI", "NAME": "Omuo" }, "geometry": { "type": "Point", "coordinates": [ 5.723999977111816, 7.750999927520752 ] } },
{ "type": "Feature", "properties": { "LGA": "Makurdi", "STATE": "BENUE", "NAME": "Makurdi" }, "geometry": { "type": "Point", "coordinates": [ 8.52299976348877, 7.747000217437744 ] } },
{ "type": "Feature", "properties": { "LGA": "Imeko Afon", "STATE": "OGUN", "NAME": "Alla Soka" }, "geometry": { "type": "Point", "coordinates": [ 2.736000061035156, 7.739999771118164 ] } },
{ "type": "Feature", "properties": { "LGA": "Donga", "STATE": "TARABA", "NAME": "Donga" }, "geometry": { "type": "Point", "coordinates": [ 10.043000221252441, 7.729000091552734 ] } },
{ "type": "Feature", "properties": { "LGA": "Ede North", "STATE": "OSUN", "NAME": "Edde" }, "geometry": { "type": "Point", "coordinates": [ 4.434999942779541, 7.721000194549561 ] } },
{ "type": "Feature", "properties": { "LGA": "Afijio", "STATE": "OYO", "NAME": "Akowe" }, "geometry": { "type": "Point", "coordinates": [ 3.772000074386597, 7.706999778747559 ] } },
{ "type": "Feature", "properties": { "LGA": "Ijumu", "STATE": "KOGI", "NAME": "Ayere" }, "geometry": { "type": "Point", "coordinates": [ 5.946000099182129, 7.697000026702881 ] } },
{ "type": "Feature", "properties": { "LGA": "Oriade", "STATE": "OSUN", "NAME": "Effon-alaiye" }, "geometry": { "type": "Point", "coordinates": [ 4.807000160217285, 7.678999900817871 ] } },
{ "type": "Feature", "properties": { "LGA": "Ibarapa North", "STATE": "OYO", "NAME": "Igangan" }, "geometry": { "type": "Point", "coordinates": [ 3.181999921798706, 7.669000148773193 ] } },
{ "type": "Feature", "properties": { "LGA": "Apa", "STATE": "BENUE", "NAME": "Bopo" }, "geometry": { "type": "Point", "coordinates": [ 7.879000186920166, 7.657999992370605 ] } },
{ "type": "Feature", "properties": { "LGA": "Dekina", "STATE": "KOGI", "NAME": "Ayale" }, "geometry": { "type": "Point", "coordinates": [ 7.313000202178955, 7.639999866485596 ] } },
{ "type": "Feature", "properties": { "LGA": "Iwo", "STATE": "OSUN", "NAME": "Iwo" }, "geometry": { "type": "Point", "coordinates": [ 4.177999973297119, 7.625 ] } },
{ "type": "Feature", "properties": { "LGA": "Gbonyin", "STATE": "EKITI", "NAME": "Ilu-omoba" }, "geometry": { "type": "Point", "coordinates": [ 5.426000118255615, 7.620999813079834 ] } },
{ "type": "Feature", "properties": { "LGA": "Ilesa East", "STATE": "OSUN", "NAME": "Ilesha" }, "geometry": { "type": "Point", "coordinates": [ 4.73799991607666, 7.619999885559082 ] } },
{ "type": "Feature", "properties": { "LGA": "Ado Ekiti", "STATE": "EKITI", "NAME": "Ado-ekiti" }, "geometry": { "type": "Point", "coordinates": [ 5.21999979019165, 7.61299991607666 ] } },
{ "type": "Feature", "properties": { "LGA": "Ibarapa East", "STATE": "OYO", "NAME": "Lanlate" }, "geometry": { "type": "Point", "coordinates": [ 3.453000068664551, 7.590000152587891 ] } },
{ "type": "Feature", "properties": { "LGA": "Ido", "STATE": "OYO", "NAME": "Idi-lya" }, "geometry": { "type": "Point", "coordinates": [ 3.678999900817871, 7.571000099182129 ] } },
{ "type": "Feature", "properties": { "LGA": "Ankpa", "STATE": "KOGI", "NAME": "Olugo" }, "geometry": { "type": "Point", "coordinates": [ 7.631999969482422, 7.568999767303467 ] } },
{ "type": "Feature", "properties": { "LGA": "Gbonyin", "STATE": "EKITI", "NAME": "Agbado" }, "geometry": { "type": "Point", "coordinates": [ 5.53000020980835, 7.564000129699707 ] } },
{ "type": "Feature", "properties": { "LGA": "Adavi", "STATE": "KOGI", "NAME": "Okene" }, "geometry": { "type": "Point", "coordinates": [ 6.23199987411499, 7.559999942779541 ] } },
{ "type": "Feature", "properties": { "LGA": "Ibarapa North", "STATE": "OYO", "NAME": "Tapa" }, "geometry": { "type": "Point", "coordinates": [ 3.223999977111816, 7.534999847412109 ] } },
{ "type": "Feature", "properties": { "LGA": "Akinyele", "STATE": "OYO", "NAME": "Moniya" }, "geometry": { "type": "Point", "coordinates": [ 3.904000043869019, 7.515999794006348 ] } },
{ "type": "Feature", "properties": { "LGA": "Dekina", "STATE": "KOGI", "NAME": "Ayangba" }, "geometry": { "type": "Point", "coordinates": [ 7.164999961853027, 7.515999794006348 ] } },
{ "type": "Feature", "properties": { "LGA": "Ukum", "STATE": "BENUE", "NAME": "Zaki Biam" }, "geometry": { "type": "Point", "coordinates": [ 9.607999801635742, 7.513999938964844 ] } },
{ "type": "Feature", "properties": { "LGA": "Gashaka", "STATE": "TARABA", "NAME": "Serti" }, "geometry": { "type": "Point", "coordinates": [ 11.366999626159668, 7.507999897003174 ] } },
{ "type": "Feature", "properties": { "LGA": "Ekiti South-West", "STATE": "EKITI", "NAME": "Igbara-odo" }, "geometry": { "type": "Point", "coordinates": [ 5.061999797821045, 7.499000072479248 ] } },
{ "type": "Feature", "properties": { "LGA": "Donga", "STATE": "TARABA", "NAME": "Mararaba" }, "geometry": { "type": "Point", "coordinates": [ 10.355999946594238, 7.497000217437744 ] } },
{ "type": "Feature", "properties": { "LGA": "Ikere", "STATE": "EKITI", "NAME": "Ikerre" }, "geometry": { "type": "Point", "coordinates": [ 5.230000019073486, 7.488999843597412 ] } },
{ "type": "Feature", "properties": { "LGA": "Ife East", "STATE": "OSUN", "NAME": "Ife" }, "geometry": { "type": "Point", "coordinates": [ 4.557000160217285, 7.471000194549561 ] } },
{ "type": "Feature", "properties": { "LGA": "Akoko South-West", "STATE": "ONDO", "NAME": "Akungba" }, "geometry": { "type": "Point", "coordinates": [ 5.736999988555908, 7.467999935150146 ] } },
{ "type": "Feature", "properties": { "LGA": "Ayedaade", "STATE": "OSUN", "NAME": "Gbongan" }, "geometry": { "type": "Point", "coordinates": [ 4.355999946594238, 7.465000152587891 ] } },
{ "type": "Feature", "properties": { "LGA": "Lagelu", "STATE": "OYO", "NAME": "Lalupon" }, "geometry": { "type": "Point", "coordinates": [ 4.065999984741211, 7.461999893188477 ] } },
{ "type": "Feature", "properties": { "LGA": "Oriade", "STATE": "OSUN", "NAME": "Ipetu" }, "geometry": { "type": "Point", "coordinates": [ 4.888999938964844, 7.458000183105469 ] } },
{ "type": "Feature", "properties": { "LGA": "Gwer East", "STATE": "BENUE", "NAME": "Igbor" }, "geometry": { "type": "Point", "coordinates": [ 8.605999946594238, 7.458000183105469 ] } },
{ "type": "Feature", "properties": { "LGA": "Ise\/Orun", "STATE": "EKITI", "NAME": "Ise" }, "geometry": { "type": "Point", "coordinates": [ 5.426000118255615, 7.454999923706055 ] } },
{ "type": "Feature", "properties": { "LGA": "Akoko Edo", "STATE": "EDO", "NAME": "Ibillo" }, "geometry": { "type": "Point", "coordinates": [ 6.065999984741211, 7.446000099182129 ] } },
{ "type": "Feature", "properties": { "LGA": "Imeko Afon", "STATE": "OGUN", "NAME": "Meko" }, "geometry": { "type": "Point", "coordinates": [ 2.848000049591064, 7.440000057220459 ] } },
{ "type": "Feature", "properties": { "LGA": "Dekina", "STATE": "KOGI", "NAME": "Lafia" }, "geometry": { "type": "Point", "coordinates": [ 7.315000057220459, 7.436999797821045 ] } },
{ "type": "Feature", "properties": { "LGA": "Ibarapa Central", "STATE": "OYO", "NAME": "Igbo Ora" }, "geometry": { "type": "Point", "coordinates": [ 3.288000106811523, 7.426000118255615 ] } },
{ "type": "Feature", "properties": { "LGA": "Ofu", "STATE": "KOGI", "NAME": "Itobe" }, "geometry": { "type": "Point", "coordinates": [ 6.717000007629395, 7.423999786376953 ] } },
{ "type": "Feature", "properties": { "LGA": "Ibarapa East", "STATE": "OYO", "NAME": "Eruwa" }, "geometry": { "type": "Point", "coordinates": [ 3.489000082015991, 7.401000022888184 ] } },
{ "type": "Feature", "properties": { "LGA": "Atakumosa East", "STATE": "OSUN", "NAME": "Duni" }, "geometry": { "type": "Point", "coordinates": [ 4.757999897003174, 7.380000114440918 ] } },
{ "type": "Feature", "properties": { "LGA": "Ibadan North-West", "STATE": "OYO", "NAME": "Ibadan" }, "geometry": { "type": "Point", "coordinates": [ 3.894999980926514, 7.379000186920166 ] } },
{ "type": "Feature", "properties": { "LGA": "Ankpa", "STATE": "KOGI", "NAME": "Ankpa" }, "geometry": { "type": "Point", "coordinates": [ 7.622000217437744, 7.377999782562256 ] } },
{ "type": "Feature", "properties": { "LGA": "Abeokuta North", "STATE": "OGUN", "NAME": "Ola" }, "geometry": { "type": "Point", "coordinates": [ 3.121000051498413, 7.373000144958496 ] } },
{ "type": "Feature", "properties": { "LGA": "Otukpo", "STATE": "BENUE", "NAME": "Boju Ega" }, "geometry": { "type": "Point", "coordinates": [ 8.041999816894531, 7.355000019073486 ] } },
{ "type": "Feature", "properties": { "LGA": "Isokan", "STATE": "OSUN", "NAME": "Ikire" }, "geometry": { "type": "Point", "coordinates": [ 4.179999828338623, 7.341000080108643 ] } },
{ "type": "Feature", "properties": { "LGA": "Gboko", "STATE": "BENUE", "NAME": "Gboko" }, "geometry": { "type": "Point", "coordinates": [ 8.998000144958496, 7.323999881744385 ] } },
{ "type": "Feature", "properties": { "LGA": "Odeda", "STATE": "OGUN", "NAME": "Sanusi" }, "geometry": { "type": "Point", "coordinates": [ 3.375999927520752, 7.314000129699707 ] } },
{ "type": "Feature", "properties": { "LGA": "Odeda", "STATE": "OGUN", "NAME": "Ageri" }, "geometry": { "type": "Point", "coordinates": [ 3.615000009536743, 7.297999858856201 ] } },
{ "type": "Feature", "properties": { "LGA": "Ose", "STATE": "ONDO", "NAME": "Idoani" }, "geometry": { "type": "Point", "coordinates": [ 5.847000122070312, 7.294000148773193 ] } },
{ "type": "Feature", "properties": { "LGA": "Ife South", "STATE": "OSUN", "NAME": "Yekami" }, "geometry": { "type": "Point", "coordinates": [ 4.587999820709229, 7.263000011444092 ] } },
{ "type": "Feature", "properties": { "LGA": "Takum", "STATE": "TARABA", "NAME": "Takum" }, "geometry": { "type": "Point", "coordinates": [ 9.98900032043457, 7.257999897003174 ] } },
{ "type": "Feature", "properties": { "LGA": "Akure South", "STATE": "ONDO", "NAME": "Akure" }, "geometry": { "type": "Point", "coordinates": [ 5.193999767303467, 7.247000217437744 ] } },
{ "type": "Feature", "properties": { "LGA": "Ayedaade", "STATE": "OSUN", "NAME": "Ago-owu" }, "geometry": { "type": "Point", "coordinates": [ 4.331999778747559, 7.242000102996826 ] } },
{ "type": "Feature", "properties": { "LGA": "Katsina Ala", "STATE": "BENUE", "NAME": "Tor Donga" }, "geometry": { "type": "Point", "coordinates": [ 9.701000213623047, 7.242000102996826 ] } },
{ "type": "Feature", "properties": { "LGA": "Egbado North", "STATE": "OGUN", "NAME": "Aiyetoro" }, "geometry": { "type": "Point", "coordinates": [ 3.023999929428101, 7.230999946594238 ] } },
{ "type": "Feature", "properties": { "LGA": "Otukpo", "STATE": "BENUE", "NAME": "Oturkpo" }, "geometry": { "type": "Point", "coordinates": [ 8.13599967956543, 7.192999839782715 ] } },
{ "type": "Feature", "properties": { "LGA": "Owo", "STATE": "ONDO", "NAME": "Owo" }, "geometry": { "type": "Point", "coordinates": [ 5.587999820709229, 7.190000057220459 ] } },
{ "type": "Feature", "properties": { "LGA": "Oluyole", "STATE": "OYO", "NAME": "Olojudro" }, "geometry": { "type": "Point", "coordinates": [ 3.970999956130981, 7.178999900817871 ] } },
{ "type": "Feature", "properties": { "LGA": "Katsina Ala", "STATE": "BENUE", "NAME": "Katsina Ala" }, "geometry": { "type": "Point", "coordinates": [ 9.276000022888184, 7.171999931335449 ] } },
{ "type": "Feature", "properties": { "LGA": "Abeokuta South", "STATE": "OGUN", "NAME": "Abeokuta" }, "geometry": { "type": "Point", "coordinates": [ 3.349999904632568, 7.158999919891357 ] } },
{ "type": "Feature", "properties": { "LGA": "Kurmi", "STATE": "TARABA", "NAME": "Atsuku" }, "geometry": { "type": "Point", "coordinates": [ 10.677000045776367, 7.14300012588501 ] } },
{ "type": "Feature", "properties": { "LGA": "Idah", "STATE": "KOGI", "NAME": "Idah" }, "geometry": { "type": "Point", "coordinates": [ 6.73199987411499, 7.117000102996826 ] } },
{ "type": "Feature", "properties": { "LGA": "Idanre", "STATE": "ONDO", "NAME": "Idanre" }, "geometry": { "type": "Point", "coordinates": [ 5.118000030517578, 7.103000164031982 ] } },
{ "type": "Feature", "properties": { "LGA": "Obafemi Owode", "STATE": "OGUN", "NAME": "Ajebo" }, "geometry": { "type": "Point", "coordinates": [ 3.710000038146973, 7.098999977111816 ] } },
{ "type": "Feature", "properties": { "LGA": "Ondo West", "STATE": "ONDO", "NAME": "Ondo" }, "geometry": { "type": "Point", "coordinates": [ 4.839000225067139, 7.089000225067139 ] } },
{ "type": "Feature", "properties": { "LGA": "Egbado North", "STATE": "OGUN", "NAME": "Iboro" }, "geometry": { "type": "Point", "coordinates": [ 3.098000049591064, 7.085999965667725 ] } },
{ "type": "Feature", "properties": { "LGA": "Etsako West", "STATE": "EDO", "NAME": "Auchi" }, "geometry": { "type": "Point", "coordinates": [ 6.263999938964844, 7.078999996185303 ] } },
{ "type": "Feature", "properties": { "LGA": "Ijebu North", "STATE": "OGUN", "NAME": "Mamu" }, "geometry": { "type": "Point", "coordinates": [ 3.913000106811523, 7.072999954223633 ] } },
{ "type": "Feature", "properties": { "LGA": "Ijebu North", "STATE": "OGUN", "NAME": "Damola" }, "geometry": { "type": "Point", "coordinates": [ 4.178999900817871, 7.046999931335449 ] } },
{ "type": "Feature", "properties": { "LGA": "Kurmi", "STATE": "TARABA", "NAME": "Bissaula" }, "geometry": { "type": "Point", "coordinates": [ 10.442999839782715, 7.007999897003174 ] } },
{ "type": "Feature", "properties": { "LGA": "Kurmi", "STATE": "TARABA", "NAME": "Abong" }, "geometry": { "type": "Point", "coordinates": [ 10.744000434875488, 6.988999843597412 ] } },
{ "type": "Feature", "properties": { "LGA": "Igbo Eze North", "STATE": "ENUGU", "NAME": "Enugu-ezike" }, "geometry": { "type": "Point", "coordinates": [ 7.453000068664551, 6.985000133514404 ] } },
{ "type": "Feature", "properties": { "LGA": "Obafemi Owode", "STATE": "OGUN", "NAME": "Shiwun" }, "geometry": { "type": "Point", "coordinates": [ 3.529000043869019, 6.947000026702881 ] } },
{ "type": "Feature", "properties": { "LGA": "Ijebu North", "STATE": "OGUN", "NAME": "Oru" }, "geometry": { "type": "Point", "coordinates": [ 3.941999912261963, 6.938000202178955 ] } },
{ "type": "Feature", "properties": { "LGA": "Sardauna", "STATE": "TARABA", "NAME": "Mayo Ndaga" }, "geometry": { "type": "Point", "coordinates": [ 11.430999755859375, 6.915999889373779 ] } },
{ "type": "Feature", "properties": { "LGA": "Ose", "STATE": "ONDO", "NAME": "Ifon" }, "geometry": { "type": "Point", "coordinates": [ 5.776000022888184, 6.914999961853027 ] } },
{ "type": "Feature", "properties": { "LGA": "Vandeikya", "STATE": "BENUE", "NAME": "Mbara" }, "geometry": { "type": "Point", "coordinates": [ 9.067999839782715, 6.907999992370605 ] } },
{ "type": "Feature", "properties": { "LGA": "Kwande", "STATE": "BENUE", "NAME": "Waya" }, "geometry": { "type": "Point", "coordinates": [ 9.602999687194824, 6.88100004196167 ] } },
{ "type": "Feature", "properties": { "LGA": "Egbado North", "STATE": "OGUN", "NAME": "Awja Awdaw" }, "geometry": { "type": "Point", "coordinates": [ 2.844000101089478, 6.880000114440918 ] } },
{ "type": "Feature", "properties": { "LGA": "Egbado South", "STATE": "OGUN", "NAME": "Ilaro" }, "geometry": { "type": "Point", "coordinates": [ 3.016000032424927, 6.877999782562256 ] } },
{ "type": "Feature", "properties": { "LGA": "Ewekoro", "STATE": "OGUN", "NAME": "Papalanto" }, "geometry": { "type": "Point", "coordinates": [ 3.190999984741211, 6.873000144958496 ] } },
{ "type": "Feature", "properties": { "LGA": "Nsukka", "STATE": "ENUGU", "NAME": "Nsukka" }, "geometry": { "type": "Point", "coordinates": [ 7.390999794006348, 6.86299991607666 ] } },
{ "type": "Feature", "properties": { "LGA": "Shagamu", "STATE": "OGUN", "NAME": "Shagamu" }, "geometry": { "type": "Point", "coordinates": [ 3.644999980926514, 6.842000007629395 ] } },
{ "type": "Feature", "properties": { "LGA": "Odigbo", "STATE": "ONDO", "NAME": "Imorun" }, "geometry": { "type": "Point", "coordinates": [ 4.592000007629395, 6.814000129699707 ] } },
{ "type": "Feature", "properties": { "LGA": "Ijebu Ode", "STATE": "OGUN", "NAME": "Ijebu-ode" }, "geometry": { "type": "Point", "coordinates": [ 3.920000076293945, 6.808000087738037 ] } },
{ "type": "Feature", "properties": { "LGA": "Ado", "STATE": "BENUE", "NAME": "Igumale" }, "geometry": { "type": "Point", "coordinates": [ 7.967999935150146, 6.807000160217285 ] } },
{ "type": "Feature", "properties": { "LGA": "Ovia North-East", "STATE": "EDO", "NAME": "Okeluse" }, "geometry": { "type": "Point", "coordinates": [ 5.545000076293945, 6.76200008392334 ] } },
{ "type": "Feature", "properties": { "LGA": "Idanre", "STATE": "ONDO", "NAME": "Yalowo" }, "geometry": { "type": "Point", "coordinates": [ 5.145999908447266, 6.74399995803833 ] } },
{ "type": "Feature", "properties": { "LGA": "Esan Central", "STATE": "EDO", "NAME": "Irrua" }, "geometry": { "type": "Point", "coordinates": [ 6.214000225067139, 6.738999843597412 ] } },
{ "type": "Feature", "properties": { "LGA": "Odigbo", "STATE": "ONDO", "NAME": "Ore" }, "geometry": { "type": "Point", "coordinates": [ 4.875, 6.736999988555908 ] } },
{ "type": "Feature", "properties": { "LGA": "Ijebu East", "STATE": "OGUN", "NAME": "Alakuka" }, "geometry": { "type": "Point", "coordinates": [ 4.158999919891357, 6.73199987411499 ] } },
{ "type": "Feature", "properties": { "LGA": "Esan North-East", "STATE": "EDO", "NAME": "Uromi" }, "geometry": { "type": "Point", "coordinates": [ 6.323999881744385, 6.714000225067139 ] } },
{ "type": "Feature", "properties": { "LGA": "Ovia South-West", "STATE": "EDO", "NAME": "Okha" }, "geometry": { "type": "Point", "coordinates": [ 5.377999782562256, 6.697999954223633 ] } },
{ "type": "Feature", "properties": { "LGA": "Obudu", "STATE": "CROSS RIVER", "NAME": "Obudu" }, "geometry": { "type": "Point", "coordinates": [ 9.157999992370605, 6.671000003814697 ] } },
{ "type": "Feature", "properties": { "LGA": "Ogoja", "STATE": "CROSS RIVER", "NAME": "Ogoja" }, "geometry": { "type": "Point", "coordinates": [ 8.798000335693359, 6.660999774932861 ] } },
{ "type": "Feature", "properties": { "LGA": "Igbo Etiti", "STATE": "ENUGU", "NAME": "Ukehe" }, "geometry": { "type": "Point", "coordinates": [ 7.409999847412109, 6.657999992370605 ] } },
{ "type": "Feature", "properties": { "LGA": "Isi Uzo", "STATE": "ENUGU", "NAME": "Eha-amufu" }, "geometry": { "type": "Point", "coordinates": [ 7.760000228881836, 6.657999992370605 ] } },
{ "type": "Feature", "properties": { "LGA": "Epe", "STATE": "LAGOS", "NAME": "Ikosi" }, "geometry": { "type": "Point", "coordinates": [ 3.703999996185303, 6.609000205993652 ] } },
{ "type": "Feature", "properties": { "LGA": "Uhunmwonde", "STATE": "EDO", "NAME": "Ehor" }, "geometry": { "type": "Point", "coordinates": [ 5.994999885559082, 6.609000205993652 ] } },
{ "type": "Feature", "properties": { "LGA": "Ikorodu", "STATE": "LAGOS", "NAME": "Ikorodu" }, "geometry": { "type": "Point", "coordinates": [ 3.510999917984009, 6.605999946594238 ] } },
{ "type": "Feature", "properties": { "LGA": "Ado-Odo\/Ota", "STATE": "OGUN", "NAME": "Ado" }, "geometry": { "type": "Point", "coordinates": [ 2.937999963760376, 6.585000038146973 ] } },
{ "type": "Feature", "properties": { "LGA": "Epe", "STATE": "LAGOS", "NAME": "Epe" }, "geometry": { "type": "Point", "coordinates": [ 3.986000061035156, 6.580999851226807 ] } },
{ "type": "Feature", "properties": { "LGA": "Okitipupa", "STATE": "ONDO", "NAME": "Igbotako" }, "geometry": { "type": "Point", "coordinates": [ 4.638999938964844, 6.565000057220459 ] } },
{ "type": "Feature", "properties": { "LGA": "Ovia South-West", "STATE": "EDO", "NAME": "Siluko" }, "geometry": { "type": "Point", "coordinates": [ 5.166999816894531, 6.526000022888184 ] } },
{ "type": "Feature", "properties": { "LGA": "Oshodi-Isolo", "STATE": "LAGOS", "NAME": "Ishaga" }, "geometry": { "type": "Point", "coordinates": [ 3.322000026702881, 6.52299976348877 ] } },
{ "type": "Feature", "properties": { "LGA": "Ado-Odo\/Ota", "STATE": "OGUN", "NAME": "Igbessa" }, "geometry": { "type": "Point", "coordinates": [ 3.135999917984009, 6.519000053405762 ] } },
{ "type": "Feature", "properties": { "LGA": "Okitipupa", "STATE": "ONDO", "NAME": "Okitipupa" }, "geometry": { "type": "Point", "coordinates": [ 4.692999839782715, 6.502999782562256 ] } },
{ "type": "Feature", "properties": { "LGA": "Ovia South-West", "STATE": "EDO", "NAME": "Orah" }, "geometry": { "type": "Point", "coordinates": [ 5.401999950408936, 6.493000030517578 ] } },
{ "type": "Feature", "properties": { "LGA": "Ovia North-East", "STATE": "EDO", "NAME": "Ora" }, "geometry": { "type": "Point", "coordinates": [ 5.589000225067139, 6.489999771118164 ] } },
{ "type": "Feature", "properties": { "LGA": "Irele", "STATE": "ONDO", "NAME": "Irele" }, "geometry": { "type": "Point", "coordinates": [ 4.863999843597412, 6.482999801635742 ] } },
{ "type": "Feature", "properties": { "LGA": "Yala", "STATE": "CROSS RIVER", "NAME": "Iyahe" }, "geometry": { "type": "Point", "coordinates": [ 8.515000343322754, 6.480999946594238 ] } },
{ "type": "Feature", "properties": { "LGA": "Epe", "STATE": "LAGOS", "NAME": "Ilumawfin" }, "geometry": { "type": "Point", "coordinates": [ 3.99399995803833, 6.478000164031982 ] } },
{ "type": "Feature", "properties": { "LGA": "Lagos Mainland", "STATE": "LAGOS", "NAME": "Ebute Metta" }, "geometry": { "type": "Point", "coordinates": [ 3.381999969482422, 6.474999904632568 ] } },
{ "type": "Feature", "properties": { "LGA": "Enugu North", "STATE": "ENUGU", "NAME": "Enugu" }, "geometry": { "type": "Point", "coordinates": [ 7.492000102996826, 6.451000213623047 ] } },
{ "type": "Feature", "properties": { "LGA": "Ogoja", "STATE": "CROSS RIVER", "NAME": "Bansara" }, "geometry": { "type": "Point", "coordinates": [ 8.550000190734863, 6.447000026702881 ] } },
{ "type": "Feature", "properties": { "LGA": "Eti-Osa", "STATE": "LAGOS", "NAME": "Lagos" }, "geometry": { "type": "Point", "coordinates": [ 3.42300009727478, 6.439000129699707 ] } },
{ "type": "Feature", "properties": { "LGA": "Ibeju-Lekki", "STATE": "LAGOS", "NAME": "Iwerekun" }, "geometry": { "type": "Point", "coordinates": [ 3.730999946594238, 6.429999828338623 ] } },
{ "type": "Feature", "properties": { "LGA": "Eti-Osa", "STATE": "LAGOS", "NAME": "Okum Alfa" }, "geometry": { "type": "Point", "coordinates": [ 3.526999950408936, 6.421000003814697 ] } },
{ "type": "Feature", "properties": { "LGA": "Ilaje", "STATE": "ONDO", "NAME": "Atijere" }, "geometry": { "type": "Point", "coordinates": [ 4.526000022888184, 6.413000106811523 ] } },
{ "type": "Feature", "properties": { "LGA": "Badagry", "STATE": "LAGOS", "NAME": "Badagri" }, "geometry": { "type": "Point", "coordinates": [ 2.892999887466431, 6.410999774932861 ] } },
{ "type": "Feature", "properties": { "LGA": "Oredo", "STATE": "EDO", "NAME": "Benin City" }, "geometry": { "type": "Point", "coordinates": [ 5.625999927520752, 6.339000225067139 ] } },
{ "type": "Feature", "properties": { "LGA": "Ebonyi", "STATE": "EBONYI", "NAME": "Abakaliki" }, "geometry": { "type": "Point", "coordinates": [ 8.107999801635742, 6.329999923706055 ] } },
{ "type": "Feature", "properties": { "LGA": "Uhunmwonde", "STATE": "EDO", "NAME": "Uvbe" }, "geometry": { "type": "Point", "coordinates": [ 5.955999851226807, 6.282999992370605 ] } },
{ "type": "Feature", "properties": { "LGA": "Ika North East", "STATE": "DELTA", "NAME": "Umunede" }, "geometry": { "type": "Point", "coordinates": [ 6.304999828338623, 6.267000198364258 ] } },
{ "type": "Feature", "properties": { "LGA": "Ovia South-West", "STATE": "EDO", "NAME": "Nikrowa" }, "geometry": { "type": "Point", "coordinates": [ 5.327000141143799, 6.265999794006348 ] } },
{ "type": "Feature", "properties": { "LGA": "Ese Odo", "STATE": "ONDO", "NAME": "Saforogbon" }, "geometry": { "type": "Point", "coordinates": [ 5.046999931335449, 6.263000011444092 ] } },
{ "type": "Feature", "properties": { "LGA": "Oji River", "STATE": "ENUGU", "NAME": "Oji River Settlement" }, "geometry": { "type": "Point", "coordinates": [ 7.264999866485596, 6.261000156402588 ] } },
{ "type": "Feature", "properties": { "LGA": "Ika South", "STATE": "DELTA", "NAME": "Agbor" }, "geometry": { "type": "Point", "coordinates": [ 6.188000202178955, 6.257999897003174 ] } },
{ "type": "Feature", "properties": { "LGA": "Awka South", "STATE": "ANAMBRA", "NAME": "Awka" }, "geometry": { "type": "Point", "coordinates": [ 7.067999839782715, 6.215000152587891 ] } },
{ "type": "Feature", "properties": { "LGA": "Ovia North-East", "STATE": "EDO", "NAME": "Ignohemwen" }, "geometry": { "type": "Point", "coordinates": [ 5.447999954223633, 6.205999851226807 ] } },
{ "type": "Feature", "properties": { "LGA": "Oshimili South", "STATE": "DELTA", "NAME": "Asaba" }, "geometry": { "type": "Point", "coordinates": [ 6.739999771118164, 6.192999839782715 ] } },
{ "type": "Feature", "properties": { "LGA": "Onitsha North", "STATE": "ANAMBRA", "NAME": "Onitsha" }, "geometry": { "type": "Point", "coordinates": [ 6.782000064849854, 6.151999950408936 ] } },
{ "type": "Feature", "properties": { "LGA": "Orhionmwon", "STATE": "EDO", "NAME": "Igbekhue" }, "geometry": { "type": "Point", "coordinates": [ 5.922999858856201, 6.10099983215332 ] } },
{ "type": "Feature", "properties": { "LGA": "Awgu", "STATE": "ENUGU", "NAME": "Awgu" }, "geometry": { "type": "Point", "coordinates": [ 7.473999977111816, 6.077000141143799 ] } },
{ "type": "Feature", "properties": { "LGA": "Ese Odo", "STATE": "ONDO", "NAME": "Ajapa" }, "geometry": { "type": "Point", "coordinates": [ 4.855000019073486, 6.074999809265137 ] } },
{ "type": "Feature", "properties": { "LGA": "Ikom", "STATE": "CROSS RIVER", "NAME": "Abaragba" }, "geometry": { "type": "Point", "coordinates": [ 8.550000190734863, 6.039999961853027 ] } },
{ "type": "Feature", "properties": { "LGA": "Ethiope West", "STATE": "DELTA", "NAME": "Ugbenu" }, "geometry": { "type": "Point", "coordinates": [ 5.678999900817871, 6.032000064849854 ] } },
{ "type": "Feature", "properties": { "LGA": "Ikom", "STATE": "CROSS RIVER", "NAME": "Ikom" }, "geometry": { "type": "Point", "coordinates": [ 8.706000328063965, 5.965000152587891 ] } },
{ "type": "Feature", "properties": { "LGA": "Obubra", "STATE": "CROSS RIVER", "NAME": "Esabang" }, "geometry": { "type": "Point", "coordinates": [ 8.439000129699707, 5.915999889373779 ] } },
{ "type": "Feature", "properties": { "LGA": "Warri North", "STATE": "DELTA", "NAME": "Bear Town" }, "geometry": { "type": "Point", "coordinates": [ 5.197999954223633, 5.901999950408936 ] } },
{ "type": "Feature", "properties": { "LGA": "Afikpo North", "STATE": "EBONYI", "NAME": "Afikpo" }, "geometry": { "type": "Point", "coordinates": [ 7.929999828338623, 5.896999835968018 ] } },
{ "type": "Feature", "properties": { "LGA": "Sapele", "STATE": "DELTA", "NAME": "Sapele" }, "geometry": { "type": "Point", "coordinates": [ 5.678999900817871, 5.89300012588501 ] } },
{ "type": "Feature", "properties": { "LGA": "Warri North", "STATE": "DELTA", "NAME": "Omolomo" }, "geometry": { "type": "Point", "coordinates": [ 5.002549070528022, 5.884798570380948 ] } },
{ "type": "Feature", "properties": { "LGA": "Ihiala", "STATE": "ANAMBRA", "NAME": "Ihiala" }, "geometry": { "type": "Point", "coordinates": [ 6.853000164031982, 5.855999946594238 ] } },
{ "type": "Feature", "properties": { "LGA": "Okigwe", "STATE": "IMO", "NAME": "Okigwi" }, "geometry": { "type": "Point", "coordinates": [ 7.35200023651123, 5.841000080108643 ] } },
{ "type": "Feature", "properties": { "LGA": "Yakuur", "STATE": "CROSS RIVER", "NAME": "Ugep" }, "geometry": { "type": "Point", "coordinates": [ 8.076999664306641, 5.809000015258789 ] } },
{ "type": "Feature", "properties": { "LGA": "Onuimo", "STATE": "IMO", "NAME": "Okwele" }, "geometry": { "type": "Point", "coordinates": [ 7.177000045776367, 5.745999813079834 ] } },
{ "type": "Feature", "properties": { "LGA": "Okpe", "STATE": "DELTA", "NAME": "Agholopke" }, "geometry": { "type": "Point", "coordinates": [ 5.750999927520752, 5.717999935150146 ] } },
{ "type": "Feature", "properties": { "LGA": "Warri North", "STATE": "DELTA", "NAME": "Inyanagu" }, "geometry": { "type": "Point", "coordinates": [ 5.099618281111274, 5.722843523846324 ] } },
{ "type": "Feature", "properties": { "LGA": "Ndokwa West", "STATE": "DELTA", "NAME": "Orogun" }, "geometry": { "type": "Point", "coordinates": [ 6.204999923706055, 5.677000045776367 ] } },
{ "type": "Feature", "properties": { "LGA": "Okpe", "STATE": "DELTA", "NAME": "Oviri" }, "geometry": { "type": "Point", "coordinates": [ 5.769000053405762, 5.642000198364258 ] } },
{ "type": "Feature", "properties": { "LGA": "Ethiope East", "STATE": "DELTA", "NAME": "Kokori" }, "geometry": { "type": "Point", "coordinates": [ 6.03000020980835, 5.63700008392334 ] } },
{ "type": "Feature", "properties": { "LGA": "Warri South West", "STATE": "DELTA", "NAME": "Ogidigbe" }, "geometry": { "type": "Point", "coordinates": [ 5.188000202178955, 5.534999847412109 ] } },
{ "type": "Feature", "properties": { "LGA": "Umuahia North", "STATE": "ABIA", "NAME": "Umuahia" }, "geometry": { "type": "Point", "coordinates": [ 7.486000061035156, 5.532000064849854 ] } },
{ "type": "Feature", "properties": { "LGA": "Warri South", "STATE": "DELTA", "NAME": "Warri" }, "geometry": { "type": "Point", "coordinates": [ 5.754000186920166, 5.510000228881836 ] } },
{ "type": "Feature", "properties": { "LGA": "Owerri Municipal", "STATE": "IMO", "NAME": "Owerri" }, "geometry": { "type": "Point", "coordinates": [ 7.026000022888184, 5.493000030517578 ] } },
{ "type": "Feature", "properties": { "LGA": "Ughelli South", "STATE": "DELTA", "NAME": "Okpari" }, "geometry": { "type": "Point", "coordinates": [ 5.906000137329102, 5.459000110626221 ] } },
{ "type": "Feature", "properties": { "LGA": "Akamkpa", "STATE": "CROSS RIVER", "NAME": "Uyanga Okpo Usun" }, "geometry": { "type": "Point", "coordinates": [ 8.255999565124512, 5.388999938964844 ] } },
{ "type": "Feature", "properties": { "LGA": "Burutu", "STATE": "DELTA", "NAME": "Forcados" }, "geometry": { "type": "Point", "coordinates": [ 5.440999984741211, 5.355000019073486 ] } },
{ "type": "Feature", "properties": { "LGA": "Burutu", "STATE": "DELTA", "NAME": "Burutu" }, "geometry": { "type": "Point", "coordinates": [ 5.513999938964844, 5.346000194549561 ] } },
{ "type": "Feature", "properties": { "LGA": "Bomadi", "STATE": "DELTA", "NAME": "Frukama" }, "geometry": { "type": "Point", "coordinates": [ 5.836999893188477, 5.248000144958496 ] } },
{ "type": "Feature", "properties": { "LGA": "Ikot Ekpene", "STATE": "AKWA IBOM", "NAME": "Ikot-ekpene" }, "geometry": { "type": "Point", "coordinates": [ 7.706999778747559, 5.184000015258789 ] } },
{ "type": "Feature", "properties": { "LGA": "Ekeremor", "STATE": "BAYELSA", "NAME": "Aggi" }, "geometry": { "type": "Point", "coordinates": [ 5.383999824523926, 5.125 ] } },
{ "type": "Feature", "properties": { "LGA": "Bomadi", "STATE": "DELTA", "NAME": "Isampo" }, "geometry": { "type": "Point", "coordinates": [ 5.881999969482422, 5.11299991607666 ] } },
{ "type": "Feature", "properties": { "LGA": "Aba South", "STATE": "ABIA", "NAME": "Aba" }, "geometry": { "type": "Point", "coordinates": [ 7.361999988555908, 5.11299991607666 ] } },
{ "type": "Feature", "properties": { "LGA": "Uyo", "STATE": "AKWA IBOM", "NAME": "Uyo" }, "geometry": { "type": "Point", "coordinates": [ 7.849999904632568, 5.007999897003174 ] } },
{ "type": "Feature", "properties": { "LGA": "Ahoada West", "STATE": "RIVERS", "NAME": "Okarki" }, "geometry": { "type": "Point", "coordinates": [ 6.421999931335449, 4.986999988555908 ] } },
{ "type": "Feature", "properties": { "LGA": "Calabar South", "STATE": "CROSS RIVER", "NAME": "Calabar" }, "geometry": { "type": "Point", "coordinates": [ 8.314000129699707, 4.956999778747559 ] } },
{ "type": "Feature", "properties": { "LGA": "Yenagoa", "STATE": "BAYELSA", "NAME": "Yenagoa" }, "geometry": { "type": "Point", "coordinates": [ 6.258999824523926, 4.926000118255615 ] } },
{ "type": "Feature", "properties": { "LGA": "Southern Ijaw", "STATE": "BAYELSA", "NAME": "Otuan" }, "geometry": { "type": "Point", "coordinates": [ 6.116000175476074, 4.879000186920166 ] } },
{ "type": "Feature", "properties": { "LGA": "Ekeremor", "STATE": "BAYELSA", "NAME": "Letugbene" }, "geometry": { "type": "Point", "coordinates": [ 5.533999919891357, 4.840000152587891 ] } },
{ "type": "Feature", "properties": { "LGA": "Oron", "STATE": "AKWA IBOM", "NAME": "Oron" }, "geometry": { "type": "Point", "coordinates": [ 8.25, 4.807000160217285 ] } },
{ "type": "Feature", "properties": { "LGA": "Akpabuyo", "STATE": "CROSS RIVER", "NAME": "Ikang" }, "geometry": { "type": "Point", "coordinates": [ 8.527000427246094, 4.796000003814697 ] } },
{ "type": "Feature", "properties": { "LGA": "Port Harcourt", "STATE": "RIVERS", "NAME": "Port Harcourt" }, "geometry": { "type": "Point", "coordinates": [ 7.005000114440918, 4.784999847412109 ] } },
{ "type": "Feature", "properties": { "LGA": "Nsit Ubium", "STATE": "AKWA IBOM", "NAME": "Ikot Ubo" }, "geometry": { "type": "Point", "coordinates": [ 8.027999877929688, 4.732999801635742 ] } },
{ "type": "Feature", "properties": { "LGA": "Akuku-Toru", "STATE": "RIVERS", "NAME": "Degema" }, "geometry": { "type": "Point", "coordinates": [ 6.771999835968018, 4.73199987411499 ] } },
{ "type": "Feature", "properties": { "LGA": "Ogbia", "STATE": "BAYELSA", "NAME": "Okpiniama" }, "geometry": { "type": "Point", "coordinates": [ 6.328999996185303, 4.706999778747559 ] } },
{ "type": "Feature", "properties": { "LGA": "Southern Ijaw", "STATE": "BAYELSA", "NAME": "Apoi" }, "geometry": { "type": "Point", "coordinates": [ 5.835000038146973, 4.684000015258789 ] } },
{ "type": "Feature", "properties": { "LGA": "Southern Ijaw", "STATE": "BAYELSA", "NAME": "Foniweitoro" }, "geometry": { "type": "Point", "coordinates": [ 5.861000061035156, 4.406000137329102 ] } },
{ "type": "Feature", "properties": { "LGA": "Brass", "STATE": "BAYELSA", "NAME": "Okumbiri" }, "geometry": { "type": "Point", "coordinates": [ 5.991000175476074, 4.317999839782715 ] } },
{ "type": "Feature", "properties": { "LGA": "Abuja Municipal", "STATE": "FCT", "NAME": "Abuja" }, "geometry": { "type": "Point", "coordinates": [ 7.459960857057152, 9.055401167109419 ] } }
]
}
